year,city,state,city_tier,population_approx,median_salary_gross_usd_monthly,median_salary_net_usd_monthly,median_salary_gross_usd_annual,national_median_gross_usd_monthly,national_median_gross_usd_annual,national_mean_gross_usd_monthly,fed_min_wage_usd_hourly,salary_to_national_ratio,cpi_annual_pct,cost_of_living_index,rent_1br_city_center_usd,rent_1br_outside_center_usd,meal_cheap_restaurant_usd,groceries_monthly_usd,public_transport_monthly_usd,est_monthly_cost_single_usd,affordability_ratio,rent_to_income_pct,data_source
2010,New York City,New York,megalopolis,8300000,3690,2694,44280,2820,33840,3622,7.25,1.309,1.6,95.5,2750,1972,15,424,93,2893,0.93,53.4,numbeo
2011,New York City,New York,megalopolis,8300000,3850,2810,46200,2872,34460,3701,7.25,1.341,3.2,95.7,2862,1934,15,419,93,2854,0.98,50.2,numbeo
2012,New York City,New York,megalopolis,8300000,3893,2842,46716,2896,34750,3769,7.25,1.344,2.1,96.0,2692,2045,17,424,98,3017,0.94,52.5,numbeo
2013,New York City,New York,megalopolis,8300000,3830,2796,45960,2923,35080,3870,7.25,1.31,1.5,97.5,2748,2171,17,463,98,3184,0.88,56.7,numbeo
2014,New York City,New York,megalopolis,8300000,4092,2987,49104,2962,35540,3936,7.25,1.381,1.6,97.6,2736,2116,16,449,98,3096,0.96,51.7,numbeo
2015,New York City,New York,megalopolis,8300000,4054,2959,48648,3017,36200,4027,7.25,1.344,0.1,97.2,2771,2103,16,467,95,3098,0.96,51.9,numbeo
2016,New York City,New York,megalopolis,8300000,4059,2963,48708,3087,37040,4136,7.25,1.315,1.3,97.8,2792,2100,17,477,99,3131,0.95,51.7,numbeo
2017,New York City,New York,megalopolis,8300000,4114,3003,49368,3141,37690,4218,7.25,1.31,2.1,97.9,2932,2153,17,465,100,3175,0.95,52.3,numbeo
2018,New York City,New York,megalopolis,8300000,4437,3239,53244,3220,38640,4330,7.25,1.378,2.4,98.3,3067,2207,18,486,108,3281,0.99,49.7,numbeo
2019,New York City,New York,megalopolis,8300000,4626,3377,55512,3318,39810,4458,7.25,1.394,1.8,99.3,3200,2178,18,479,106,3245,1.04,47.1,numbeo
2020,New York City,New York,megalopolis,8300000,4883,3565,58596,3496,41950,4692,7.25,1.397,1.2,99.2,3006,2208,18,477,108,3277,1.09,45.2,numbeo
2021,New York City,New York,megalopolis,8300000,5137,3750,61644,3813,45760,4855,7.25,1.347,4.7,99.9,3338,2480,19,517,109,3616,1.04,48.3,numbeo
2022,New York City,New York,megalopolis,8300000,5288,3860,63456,3859,46310,5158,7.25,1.37,8.0,100.2,3711,2675,21,544,126,3905,0.99,50.6,numbeo
2023,New York City,New York,megalopolis,8300000,5707,4166,68484,4005,48060,5456,7.25,1.425,4.1,99.4,3735,2662,22,573,130,3951,1.05,46.6,numbeo
2024,New York City,New York,megalopolis,8300000,5969,4357,71628,4167,50000,5660,7.25,1.432,2.9,99.5,3893,2672,22,586,129,3977,1.1,44.8,numbeo
2010,Brooklyn,New York,megalopolis,2600000,4616,3370,55392,2820,33840,3622,7.25,1.637,1.6,92.1,2651,1928,16,424,89,2865,1.18,41.8,bls_modeled
2011,Brooklyn,New York,megalopolis,2600000,4806,3508,57672,2872,34460,3701,7.25,1.673,3.2,92.2,2843,1983,16,444,92,2947,1.19,41.3,bls_modeled
2012,Brooklyn,New York,megalopolis,2600000,4725,3449,56700,2896,34750,3769,7.25,1.632,2.1,93.7,2758,2116,16,436,94,3076,1.12,44.8,bls_modeled
2013,Brooklyn,New York,megalopolis,2600000,4764,3478,57168,2923,35080,3870,7.25,1.63,1.5,93.3,2771,2047,17,455,99,3053,1.14,43.0,bls_modeled
2014,Brooklyn,New York,megalopolis,2600000,5021,3665,60252,2962,35540,3936,7.25,1.695,1.6,93.8,2966,2038,16,439,100,3010,1.22,40.6,bls_modeled
2015,Brooklyn,New York,megalopolis,2600000,4983,3638,59796,3017,36200,4027,7.25,1.652,0.1,95.0,2791,2223,17,441,99,3216,1.13,44.6,bls_modeled
2016,Brooklyn,New York,megalopolis,2600000,5030,3672,60360,3087,37040,4136,7.25,1.629,1.3,95.5,2815,2104,17,466,100,3125,1.18,41.8,bls_modeled
2017,Brooklyn,New York,megalopolis,2600000,5105,3727,61260,3141,37690,4218,7.25,1.625,2.1,95.0,3098,2156,17,477,100,3190,1.17,42.2,bls_modeled
2018,Brooklyn,New York,megalopolis,2600000,5325,3887,63900,3220,38640,4330,7.25,1.654,2.4,96.5,3153,2218,17,462,104,3244,1.2,41.7,bls_modeled
2019,Brooklyn,New York,megalopolis,2600000,5693,4156,68316,3318,39810,4458,7.25,1.716,1.8,97.1,3067,2321,19,501,104,3428,1.21,40.8,bls_modeled
2020,Brooklyn,New York,megalopolis,2600000,5787,4225,69444,3496,41950,4692,7.25,1.655,1.2,97.2,3111,2369,19,493,107,3473,1.22,40.9,bls_modeled
2021,Brooklyn,New York,megalopolis,2600000,6343,4630,76116,3813,45760,4855,7.25,1.664,4.7,97.1,3369,2498,19,510,115,3633,1.27,39.4,bls_modeled
2022,Brooklyn,New York,megalopolis,2600000,6750,4928,81000,3859,46310,5158,7.25,1.749,8.0,97.3,3486,2697,20,574,121,3932,1.25,40.0,bls_modeled
2023,Brooklyn,New York,megalopolis,2600000,6709,4898,80508,4005,48060,5456,7.25,1.675,4.1,97.8,3622,2686,21,593,123,3968,1.23,40.0,bls_modeled
2024,Brooklyn,New York,megalopolis,2600000,6911,5045,82932,4167,50000,5660,7.25,1.659,2.9,98.1,3775,2921,21,613,128,4232,1.19,42.3,bls_modeled
2010,Queens,New York,city_large,2300000,3891,2840,46692,2820,33840,3622,7.25,1.38,1.6,71.9,1168,795,12,305,53,1497,1.9,20.4,bls_modeled
2011,Queens,New York,city_large,2300000,3992,2914,47904,2872,34460,3701,7.25,1.39,3.2,72.9,1147,866,12,318,57,1589,1.83,21.7,bls_modeled
2012,Queens,New York,city_large,2300000,4069,2970,48828,2896,34750,3769,7.25,1.405,2.1,72.6,1221,907,12,335,59,1651,1.8,22.3,bls_modeled
2013,Queens,New York,city_large,2300000,4075,2975,48900,2923,35080,3870,7.25,1.394,1.5,72.1,1207,852,12,325,60,1589,1.87,20.9,bls_modeled
2014,Queens,New York,city_large,2300000,4190,3059,50280,2962,35540,3936,7.25,1.415,1.6,73.7,1193,877,12,345,62,1637,1.87,20.9,bls_modeled
2015,Queens,New York,city_large,2300000,4224,3084,50688,3017,36200,4027,7.25,1.4,0.1,74.0,1229,865,12,350,60,1628,1.89,20.5,bls_modeled
2016,Queens,New York,city_large,2300000,4293,3134,51516,3087,37040,4136,7.25,1.391,1.3,73.3,1185,937,12,357,61,1710,1.83,21.8,bls_modeled
2017,Queens,New York,city_large,2300000,4397,3210,52764,3141,37690,4218,7.25,1.4,2.1,73.4,1268,979,12,357,62,1755,1.83,22.3,bls_modeled
2018,Queens,New York,city_large,2300000,4780,3489,57360,3220,38640,4330,7.25,1.484,2.4,75.2,1291,976,13,373,62,1791,1.95,20.4,bls_modeled
2019,Queens,New York,city_large,2300000,4683,3419,56196,3318,39810,4458,7.25,1.411,1.8,74.7,1329,1015,13,381,67,1845,1.85,21.7,bls_modeled
2020,Queens,New York,city_large,2300000,5200,3796,62400,3496,41950,4692,7.25,1.487,1.2,74.7,1291,1023,14,380,67,1874,2.03,19.7,bls_modeled
2021,Queens,New York,city_large,2300000,5669,4138,68028,3813,45760,4855,7.25,1.487,4.7,74.9,1428,1023,14,393,68,1894,2.18,18.0,bls_modeled
2022,Queens,New York,city_large,2300000,5823,4251,69876,3859,46310,5158,7.25,1.509,8.0,75.6,1493,1122,15,426,74,2062,2.06,19.3,bls_modeled
2023,Queens,New York,city_large,2300000,5994,4376,71928,4005,48060,5456,7.25,1.497,4.1,75.3,1559,1127,16,431,78,2102,2.08,18.8,bls_modeled
2024,Queens,New York,city_large,2300000,6038,4408,72456,4167,50000,5660,7.25,1.449,2.9,76.8,1588,1251,16,450,77,2248,1.96,20.7,bls_modeled
2010,Bronx,New York,city_large,1400000,3973,2900,47676,2820,33840,3622,7.25,1.409,1.6,72.0,1075,851,11,310,55,1540,1.88,21.4,bls_modeled
2011,Bronx,New York,city_large,1400000,3941,2877,47292,2872,34460,3701,7.25,1.372,3.2,72.3,1125,823,11,316,57,1524,1.89,20.9,bls_modeled
2012,Bronx,New York,city_large,1400000,4029,2941,48348,2896,34750,3769,7.25,1.391,2.1,71.9,1223,893,12,340,61,1644,1.79,22.2,bls_modeled
2013,Bronx,New York,city_large,1400000,4101,2994,49212,2923,35080,3870,7.25,1.403,1.5,73.2,1158,934,11,338,60,1664,1.8,22.8,bls_modeled
2014,Bronx,New York,city_large,1400000,4252,3104,51024,2962,35540,3936,7.25,1.436,1.6,73.9,1190,879,12,327,61,1620,1.92,20.7,bls_modeled
2015,Bronx,New York,city_large,1400000,4260,3110,51120,3017,36200,4027,7.25,1.412,0.1,74.0,1154,900,12,341,59,1653,1.88,21.1,bls_modeled
2016,Bronx,New York,city_large,1400000,4477,3268,53724,3087,37040,4136,7.25,1.45,1.3,73.1,1234,927,12,341,63,1686,1.94,20.7,bls_modeled
2017,Bronx,New York,city_large,1400000,4664,3405,55968,3141,37690,4218,7.25,1.485,2.1,73.6,1193,943,12,338,61,1699,2.0,20.2,bls_modeled
2018,Bronx,New York,city_large,1400000,4516,3297,54192,3220,38640,4330,7.25,1.402,2.4,73.6,1334,983,13,349,66,1778,1.85,21.8,bls_modeled
2019,Bronx,New York,city_large,1400000,4881,3563,58572,3318,39810,4458,7.25,1.471,1.8,74.9,1363,941,14,357,66,1766,2.02,19.3,bls_modeled
2020,Bronx,New York,city_large,1400000,5233,3820,62796,3496,41950,4692,7.25,1.497,1.2,75.7,1327,1033,14,359,69,1865,2.05,19.7,bls_modeled
2021,Bronx,New York,city_large,1400000,5761,4206,69132,3813,45760,4855,7.25,1.511,4.7,75.2,1427,1061,14,393,71,1935,2.17,18.4,bls_modeled
2022,Bronx,New York,city_large,1400000,5575,4070,66900,3859,46310,5158,7.25,1.445,8.0,76.0,1526,1072,15,415,77,2004,2.03,19.2,bls_modeled
2023,Bronx,New York,city_large,1400000,5956,4348,71472,4005,48060,5456,7.25,1.487,4.1,75.7,1620,1113,16,438,77,2094,2.08,18.7,bls_modeled
2024,Bronx,New York,city_large,1400000,5996,4377,71952,4167,50000,5660,7.25,1.439,2.9,76.1,1612,1199,15,460,77,2186,2.0,20.0,bls_modeled
2010,Buffalo,New York,city_medium,278000,2374,1733,28488,2820,33840,3622,7.25,0.842,1.6,60.5,806,669,9,279,47,1279,1.35,28.2,numbeo
2011,Buffalo,New York,city_medium,278000,2475,1807,29700,2872,34460,3701,7.25,0.862,3.2,60.2,845,679,10,290,47,1324,1.36,27.4,numbeo
2012,Buffalo,New York,city_medium,278000,2505,1829,30060,2896,34750,3769,7.25,0.865,2.1,61.2,874,692,11,281,47,1350,1.35,27.6,numbeo
2013,Buffalo,New York,city_medium,278000,2418,1765,29016,2923,35080,3870,7.25,0.827,1.5,60.8,902,731,10,289,50,1382,1.28,30.2,numbeo
2014,Buffalo,New York,city_medium,278000,2604,1901,31248,2962,35540,3936,7.25,0.879,1.6,61.5,863,703,11,294,50,1380,1.38,27.0,numbeo
2015,Buffalo,New York,city_medium,278000,2562,1870,30744,3017,36200,4027,7.25,0.849,0.1,61.2,877,746,10,296,51,1406,1.33,29.1,numbeo
2016,Buffalo,New York,city_medium,278000,2744,2003,32928,3087,37040,4136,7.25,0.889,1.3,61.7,912,749,11,292,52,1428,1.4,27.3,numbeo
2017,Buffalo,New York,city_medium,278000,2700,1971,32400,3141,37690,4218,7.25,0.86,2.1,61.8,923,746,11,304,50,1437,1.37,27.6,numbeo
2018,Buffalo,New York,city_medium,278000,2805,2048,33660,3220,38640,4330,7.25,0.871,2.4,62.7,1003,778,12,311,54,1503,1.36,27.7,numbeo
2019,Buffalo,New York,city_medium,278000,2865,2091,34380,3318,39810,4458,7.25,0.863,1.8,62.3,973,771,12,327,54,1514,1.38,26.9,numbeo
2020,Buffalo,New York,city_medium,278000,3103,2265,37236,3496,41950,4692,7.25,0.888,1.2,61.6,1030,797,12,318,55,1534,1.48,25.7,numbeo
2021,Buffalo,New York,city_medium,278000,3358,2451,40296,3813,45760,4855,7.25,0.881,4.7,63.0,1009,848,12,349,57,1624,1.51,25.3,numbeo
2022,Buffalo,New York,city_medium,278000,3424,2500,41088,3859,46310,5158,7.25,0.887,8.0,61.9,1121,930,13,360,63,1753,1.43,27.2,numbeo
2023,Buffalo,New York,city_medium,278000,3482,2542,41784,4005,48060,5456,7.25,0.869,4.1,63.4,1209,908,13,365,62,1741,1.46,26.1,numbeo
2024,Buffalo,New York,city_medium,278000,3757,2743,45084,4167,50000,5660,7.25,0.902,2.9,63.0,1145,961,14,383,67,1841,1.49,25.6,numbeo
2010,Rochester,New York,city_medium,211000,2590,1891,31080,2820,33840,3622,7.25,0.918,1.6,60.9,849,646,10,269,45,1264,1.5,24.9,numbeo
2011,Rochester,New York,city_medium,211000,2604,1901,31248,2872,34460,3701,7.25,0.907,3.2,60.9,894,695,10,283,47,1333,1.43,26.7,numbeo
2012,Rochester,New York,city_medium,211000,2606,1902,31272,2896,34750,3769,7.25,0.9,2.1,60.0,916,678,10,294,49,1331,1.43,26.0,numbeo
2013,Rochester,New York,city_medium,211000,2625,1916,31500,2923,35080,3870,7.25,0.898,1.5,61.7,881,682,10,291,48,1333,1.44,26.0,numbeo
2014,Rochester,New York,city_medium,211000,2746,2005,32952,2962,35540,3936,7.25,0.927,1.6,61.0,924,707,11,299,48,1387,1.45,25.7,numbeo
2015,Rochester,New York,city_medium,211000,2806,2048,33672,3017,36200,4027,7.25,0.93,0.1,61.3,868,687,11,306,48,1374,1.49,24.5,numbeo
2016,Rochester,New York,city_medium,211000,2823,2061,33876,3087,37040,4136,7.25,0.914,1.3,62.0,906,755,11,299,52,1441,1.43,26.7,numbeo
2017,Rochester,New York,city_medium,211000,2922,2133,35064,3141,37690,4218,7.25,0.93,2.1,62.1,930,777,11,301,49,1464,1.46,26.6,numbeo
2018,Rochester,New York,city_medium,211000,3056,2231,36672,3220,38640,4330,7.25,0.949,2.4,62.0,986,799,12,324,53,1536,1.45,26.1,numbeo
2019,Rochester,New York,city_medium,211000,3087,2254,37044,3318,39810,4458,7.25,0.93,1.8,62.8,972,792,12,309,51,1514,1.49,25.7,numbeo
2020,Rochester,New York,city_medium,211000,3244,2368,38928,3496,41950,4692,7.25,0.928,1.2,62.0,991,801,11,328,53,1526,1.55,24.7,numbeo
2021,Rochester,New York,city_medium,211000,3699,2700,44388,3813,45760,4855,7.25,0.97,4.7,62.2,1044,830,12,328,55,1583,1.71,22.4,numbeo
2022,Rochester,New York,city_medium,211000,3659,2671,43908,3859,46310,5158,7.25,0.948,8.0,63.1,1144,856,13,375,60,1691,1.58,23.4,numbeo
2023,Rochester,New York,city_medium,211000,3886,2837,46632,4005,48060,5456,7.25,0.97,4.1,63.3,1209,897,14,384,64,1771,1.6,23.1,numbeo
2024,Rochester,New York,city_medium,211000,3970,2898,47640,4167,50000,5660,7.25,0.953,2.9,62.2,1231,947,13,381,66,1804,1.61,23.9,numbeo
2010,Albany,New York,city_small,100000,3282,2396,39384,2820,33840,3622,7.25,1.164,1.6,54.3,674,541,8,247,30,1082,2.21,16.5,bls_modeled
2011,Albany,New York,city_small,100000,3477,2538,41724,2872,34460,3701,7.25,1.211,3.2,54.0,656,573,9,257,33,1151,2.21,16.5,bls_modeled
2012,Albany,New York,city_small,100000,3480,2540,41760,2896,34750,3769,7.25,1.202,2.1,54.6,715,555,9,264,32,1141,2.23,15.9,bls_modeled
2013,Albany,New York,city_small,100000,3566,2603,42792,2923,35080,3870,7.25,1.22,1.5,54.8,713,593,9,257,34,1176,2.21,16.6,bls_modeled
2014,Albany,New York,city_small,100000,3652,2666,43824,2962,35540,3936,7.25,1.233,1.6,54.6,690,602,9,263,33,1191,2.24,16.5,bls_modeled
2015,Albany,New York,city_small,100000,3510,2562,42120,3017,36200,4027,7.25,1.163,0.1,54.7,702,552,9,267,33,1145,2.24,15.7,bls_modeled
2016,Albany,New York,city_small,100000,3762,2746,45144,3087,37040,4136,7.25,1.219,1.3,55.3,761,603,9,271,33,1202,2.28,16.0,bls_modeled
2017,Albany,New York,city_small,100000,3871,2826,46452,3141,37690,4218,7.25,1.232,2.1,55.3,742,588,9,267,36,1188,2.38,15.2,bls_modeled
2018,Albany,New York,city_small,100000,3950,2884,47400,3220,38640,4330,7.25,1.227,2.4,55.2,736,631,10,287,35,1273,2.27,16.0,bls_modeled
2019,Albany,New York,city_small,100000,3958,2889,47496,3318,39810,4458,7.25,1.193,1.8,55.8,810,647,10,290,36,1295,2.23,16.3,bls_modeled
2020,Albany,New York,city_small,100000,4248,3101,50976,3496,41950,4692,7.25,1.215,1.2,55.7,789,614,10,287,36,1261,2.46,14.5,bls_modeled
2021,Albany,New York,city_small,100000,4783,3492,57396,3813,45760,4855,7.25,1.254,4.7,56.0,814,642,10,291,40,1303,2.68,13.4,bls_modeled
2022,Albany,New York,city_small,100000,4778,3488,57336,3859,46310,5158,7.25,1.238,8.0,57.0,915,712,12,334,44,1470,2.37,14.9,bls_modeled
2023,Albany,New York,city_small,100000,4838,3532,58056,4005,48060,5456,7.25,1.208,4.1,56.8,920,753,12,340,45,1524,2.32,15.6,bls_modeled
2024,Albany,New York,city_small,100000,5350,3906,64200,4167,50000,5660,7.25,1.284,2.9,56.9,903,745,12,339,45,1519,2.57,13.9,bls_modeled
2010,Syracuse,New York,city_small,148000,3336,2435,40032,2820,33840,3622,7.25,1.183,1.6,53.9,674,555,9,240,32,1111,2.19,16.6,bls_modeled
2011,Syracuse,New York,city_small,148000,3328,2429,39936,2872,34460,3701,7.25,1.159,3.2,53.6,714,522,9,260,33,1103,2.2,15.7,bls_modeled
2012,Syracuse,New York,city_small,148000,3335,2435,40020,2896,34750,3769,7.25,1.152,2.1,54.1,674,556,9,255,34,1135,2.15,16.7,bls_modeled
2013,Syracuse,New York,city_small,148000,3493,2550,41916,2923,35080,3870,7.25,1.195,1.5,54.1,702,576,9,264,33,1165,2.19,16.5,bls_modeled
2014,Syracuse,New York,city_small,148000,3603,2630,43236,2962,35540,3936,7.25,1.216,1.6,55.3,730,599,9,255,33,1180,2.23,16.6,bls_modeled
2015,Syracuse,New York,city_small,148000,3715,2712,44580,3017,36200,4027,7.25,1.231,0.1,54.3,706,602,9,264,33,1192,2.28,16.2,bls_modeled
2016,Syracuse,New York,city_small,148000,3637,2655,43644,3087,37040,4136,7.25,1.178,1.3,55.5,757,557,9,262,34,1148,2.31,15.3,bls_modeled
2017,Syracuse,New York,city_small,148000,3751,2738,45012,3141,37690,4218,7.25,1.194,2.1,55.0,766,613,9,266,36,1212,2.26,16.3,bls_modeled
2018,Syracuse,New York,city_small,148000,3786,2764,45432,3220,38640,4330,7.25,1.176,2.4,55.6,780,583,10,272,37,1212,2.28,15.4,bls_modeled
2019,Syracuse,New York,city_small,148000,4021,2935,48252,3318,39810,4458,7.25,1.212,1.8,56.1,811,642,10,292,36,1292,2.27,16.0,bls_modeled
2020,Syracuse,New York,city_small,148000,4376,3194,52512,3496,41950,4692,7.25,1.252,1.2,56.6,770,602,10,291,36,1253,2.55,13.8,bls_modeled
2021,Syracuse,New York,city_small,148000,4749,3467,56988,3813,45760,4855,7.25,1.245,4.7,56.8,801,648,10,314,40,1332,2.6,13.6,bls_modeled
2022,Syracuse,New York,city_small,148000,4725,3449,56700,3859,46310,5158,7.25,1.224,8.0,56.7,907,741,11,318,43,1462,2.36,15.7,bls_modeled
2023,Syracuse,New York,city_small,148000,5009,3657,60108,4005,48060,5456,7.25,1.251,4.1,57.0,921,727,12,349,42,1504,2.43,14.5,bls_modeled
2024,Syracuse,New York,city_small,148000,5186,3786,62232,4167,50000,5660,7.25,1.245,2.9,58.0,935,738,12,338,45,1511,2.51,14.2,bls_modeled
2010,Boston,Massachusetts,city_large,695000,3595,2624,43140,2820,33840,3622,7.25,1.275,1.6,90.0,1092,834,11,318,56,1532,1.71,23.2,numbeo
2011,Boston,Massachusetts,city_large,695000,3653,2667,43836,2872,34460,3701,7.25,1.272,3.2,88.9,1201,859,11,331,56,1574,1.69,23.5,numbeo
2012,Boston,Massachusetts,city_large,695000,3847,2808,46164,2896,34750,3769,7.25,1.328,2.1,89.5,1146,897,12,325,57,1629,1.72,23.3,numbeo
2013,Boston,Massachusetts,city_large,695000,3830,2796,45960,2923,35080,3870,7.25,1.31,1.5,89.7,1142,855,12,337,59,1603,1.74,22.3,numbeo
2014,Boston,Massachusetts,city_large,695000,3835,2800,46020,2962,35540,3936,7.25,1.295,1.6,89.7,1195,882,12,327,62,1624,1.72,23.0,numbeo
2015,Boston,Massachusetts,city_large,695000,3940,2876,47280,3017,36200,4027,7.25,1.306,0.1,90.9,1173,890,12,352,63,1658,1.73,22.6,numbeo
2016,Boston,Massachusetts,city_large,695000,4181,3052,50172,3087,37040,4136,7.25,1.354,1.3,91.5,1225,912,12,333,64,1664,1.83,21.8,numbeo
2017,Boston,Massachusetts,city_large,695000,4234,3091,50808,3141,37690,4218,7.25,1.348,2.1,90.7,1288,931,13,363,65,1736,1.78,22.0,numbeo
2018,Boston,Massachusetts,city_large,695000,4482,3272,53784,3220,38640,4330,7.25,1.392,2.4,91.7,1309,960,13,369,66,1775,1.84,21.4,numbeo
2019,Boston,Massachusetts,city_large,695000,4678,3415,56136,3318,39810,4458,7.25,1.41,1.8,91.6,1267,955,14,360,64,1781,1.92,20.4,numbeo
2020,Boston,Massachusetts,city_large,695000,4816,3516,57792,3496,41950,4692,7.25,1.378,1.2,92.6,1307,1010,13,379,65,1838,1.91,21.0,numbeo
2021,Boston,Massachusetts,city_large,695000,5458,3984,65496,3813,45760,4855,7.25,1.431,4.7,92.8,1399,1024,14,397,69,1900,2.1,18.8,numbeo
2022,Boston,Massachusetts,city_large,695000,5484,4003,65808,3859,46310,5158,7.25,1.421,8.0,92.6,1469,1130,15,414,76,2060,1.94,20.6,numbeo
2023,Boston,Massachusetts,city_large,695000,5831,4257,69972,4005,48060,5456,7.25,1.456,4.1,93.1,1497,1161,15,427,79,2113,2.01,19.9,numbeo
2024,Boston,Massachusetts,city_large,695000,5914,4317,70968,4167,50000,5660,7.25,1.419,2.9,93.6,1624,1154,17,437,83,2164,1.99,19.5,numbeo
2010,Worcester,Massachusetts,city_medium,185000,3548,2590,42576,2820,33840,3622,7.25,1.258,1.6,60.3,814,660,9,273,44,1261,2.05,18.6,bls_modeled
2011,Worcester,Massachusetts,city_medium,185000,3453,2521,41436,2872,34460,3701,7.25,1.202,3.2,60.6,820,707,10,285,46,1346,1.87,20.5,bls_modeled
2012,Worcester,Massachusetts,city_medium,185000,3644,2660,43728,2896,34750,3769,7.25,1.258,2.1,60.8,895,682,10,285,47,1324,2.01,18.7,bls_modeled
2013,Worcester,Massachusetts,city_medium,185000,3654,2667,43848,2923,35080,3870,7.25,1.25,1.5,61.0,855,683,11,286,50,1351,1.97,18.7,bls_modeled
2014,Worcester,Massachusetts,city_medium,185000,3857,2816,46284,2962,35540,3936,7.25,1.302,1.6,62.7,894,747,11,289,47,1416,1.99,19.4,bls_modeled
2015,Worcester,Massachusetts,city_medium,185000,3789,2766,45468,3017,36200,4027,7.25,1.256,0.1,63.0,933,749,10,306,50,1418,1.95,19.8,bls_modeled
2016,Worcester,Massachusetts,city_medium,185000,3966,2895,47592,3087,37040,4136,7.25,1.285,1.3,62.6,912,737,11,308,51,1431,2.02,18.6,bls_modeled
2017,Worcester,Massachusetts,city_medium,185000,4124,3011,49488,3141,37690,4218,7.25,1.313,2.1,63.2,942,773,11,310,49,1469,2.05,18.7,bls_modeled
2018,Worcester,Massachusetts,city_medium,185000,4294,3135,51528,3220,38640,4330,7.25,1.334,2.4,63.0,939,746,11,315,53,1454,2.16,17.4,bls_modeled
2019,Worcester,Massachusetts,city_medium,185000,4445,3245,53340,3318,39810,4458,7.25,1.34,1.8,64.3,1014,809,12,323,55,1549,2.09,18.2,bls_modeled
2020,Worcester,Massachusetts,city_medium,185000,4594,3354,55128,3496,41950,4692,7.25,1.314,1.2,64.4,1004,773,11,318,55,1490,2.25,16.8,bls_modeled
2021,Worcester,Massachusetts,city_medium,185000,5239,3824,62868,3813,45760,4855,7.25,1.374,4.7,65.4,1000,798,12,327,57,1552,2.46,15.2,bls_modeled
2022,Worcester,Massachusetts,city_medium,185000,5315,3880,63780,3859,46310,5158,7.25,1.377,8.0,65.3,1117,900,13,371,60,1731,2.24,16.9,bls_modeled
2023,Worcester,Massachusetts,city_medium,185000,5411,3950,64932,4005,48060,5456,7.25,1.351,4.1,65.9,1122,944,13,369,64,1783,2.22,17.4,bls_modeled
2024,Worcester,Massachusetts,city_medium,185000,5915,4318,70980,4167,50000,5660,7.25,1.419,2.9,65.2,1173,958,14,392,66,1846,2.34,16.2,bls_modeled
2010,Springfield,Massachusetts,city_medium,155000,3443,2513,41316,2820,33840,3622,7.25,1.221,1.6,59.7,807,669,10,276,45,1294,1.94,19.4,bls_modeled
2011,Springfield,Massachusetts,city_medium,155000,3518,2568,42216,2872,34460,3701,7.25,1.225,3.2,61.2,844,683,11,285,47,1343,1.91,19.4,bls_modeled
2012,Springfield,Massachusetts,city_medium,155000,3588,2619,43056,2896,34750,3769,7.25,1.239,2.1,60.9,871,727,11,287,47,1391,1.88,20.3,bls_modeled
2013,Springfield,Massachusetts,city_medium,155000,3606,2632,43272,2923,35080,3870,7.25,1.234,1.5,62.1,931,696,10,296,48,1352,1.95,19.3,bls_modeled
2014,Springfield,Massachusetts,city_medium,155000,3810,2781,45720,2962,35540,3936,7.25,1.286,1.6,61.5,876,705,11,289,50,1377,2.02,18.5,bls_modeled
2015,Springfield,Massachusetts,city_medium,155000,3971,2899,47652,3017,36200,4027,7.25,1.316,0.1,62.9,875,684,10,301,48,1346,2.15,17.2,bls_modeled
2016,Springfield,Massachusetts,city_medium,155000,4021,2935,48252,3087,37040,4136,7.25,1.303,1.3,62.8,896,693,11,307,51,1386,2.12,17.2,bls_modeled
2017,Springfield,Massachusetts,city_medium,155000,4072,2973,48864,3141,37690,4218,7.25,1.296,2.1,63.3,954,732,11,309,51,1429,2.08,18.0,bls_modeled
2018,Springfield,Massachusetts,city_medium,155000,4284,3127,51408,3220,38640,4330,7.25,1.33,2.4,63.1,936,757,11,304,52,1453,2.15,17.7,bls_modeled
2019,Springfield,Massachusetts,city_medium,155000,4438,3240,53256,3318,39810,4458,7.25,1.338,1.8,64.7,996,737,11,308,54,1441,2.25,16.6,bls_modeled
2020,Springfield,Massachusetts,city_medium,155000,4721,3446,56652,3496,41950,4692,7.25,1.35,1.2,64.2,993,811,12,324,54,1553,2.22,17.2,bls_modeled
2021,Springfield,Massachusetts,city_medium,155000,5271,3848,63252,3813,45760,4855,7.25,1.382,4.7,64.5,1067,802,12,344,56,1572,2.45,15.2,bls_modeled
2022,Springfield,Massachusetts,city_medium,155000,5157,3765,61884,3859,46310,5158,7.25,1.336,8.0,64.7,1129,926,13,358,61,1745,2.16,18.0,bls_modeled
2023,Springfield,Massachusetts,city_medium,155000,5421,3957,65052,4005,48060,5456,7.25,1.354,4.1,65.4,1195,927,14,383,63,1799,2.2,17.1,bls_modeled
2024,Springfield,Massachusetts,city_medium,155000,5914,4317,70968,4167,50000,5660,7.25,1.419,2.9,66.4,1225,973,14,399,65,1867,2.31,16.5,bls_modeled
2010,Hartford,Connecticut,city_medium,121000,3168,2313,38016,2820,33840,3622,7.25,1.123,1.6,73.3,869,672,10,271,46,1293,1.79,21.2,numbeo
2011,Hartford,Connecticut,city_medium,121000,3225,2354,38700,2872,34460,3701,7.25,1.123,3.2,73.2,895,696,10,285,47,1336,1.76,21.6,numbeo
2012,Hartford,Connecticut,city_medium,121000,3245,2369,38940,2896,34750,3769,7.25,1.121,2.1,73.3,920,716,11,292,46,1384,1.71,22.1,numbeo
2013,Hartford,Connecticut,city_medium,121000,3284,2397,39408,2923,35080,3870,7.25,1.124,1.5,74.2,869,690,11,294,50,1366,1.75,21.0,numbeo
2014,Hartford,Connecticut,city_medium,121000,3487,2546,41844,2962,35540,3936,7.25,1.177,1.6,73.4,939,714,11,306,50,1403,1.81,20.5,numbeo
2015,Hartford,Connecticut,city_medium,121000,3618,2641,43416,3017,36200,4027,7.25,1.199,0.1,74.8,935,725,11,288,47,1393,1.9,20.0,numbeo
2016,Hartford,Connecticut,city_medium,121000,3566,2603,42792,3087,37040,4136,7.25,1.155,1.3,74.5,904,696,11,297,50,1378,1.89,19.5,numbeo
2017,Hartford,Connecticut,city_medium,121000,3724,2719,44688,3141,37690,4218,7.25,1.186,2.1,75.2,922,777,11,315,50,1479,1.84,20.9,numbeo
2018,Hartford,Connecticut,city_medium,121000,3700,2701,44400,3220,38640,4330,7.25,1.149,2.4,74.4,946,737,11,318,51,1446,1.87,19.9,numbeo
2019,Hartford,Connecticut,city_medium,121000,3780,2759,45360,3318,39810,4458,7.25,1.139,1.8,75.6,954,767,12,306,51,1486,1.86,20.3,numbeo
2020,Hartford,Connecticut,city_medium,121000,4068,2970,48816,3496,41950,4692,7.25,1.164,1.2,75.8,963,790,12,309,53,1516,1.96,19.4,numbeo
2021,Hartford,Connecticut,city_medium,121000,4582,3345,54984,3813,45760,4855,7.25,1.202,4.7,76.0,1046,801,12,340,56,1567,2.13,17.5,numbeo
2022,Hartford,Connecticut,city_medium,121000,4525,3303,54300,3859,46310,5158,7.25,1.173,8.0,76.1,1120,909,14,373,63,1765,1.87,20.1,numbeo
2023,Hartford,Connecticut,city_medium,121000,4916,3589,58992,4005,48060,5456,7.25,1.227,4.1,76.1,1155,937,14,368,66,1797,2.0,19.1,numbeo
2024,Hartford,Connecticut,city_medium,121000,5030,3672,60360,4167,50000,5660,7.25,1.207,2.9,76.3,1252,992,14,374,67,1863,1.97,19.7,numbeo
2010,New Haven,Connecticut,city_medium,134000,3417,2494,41004,2820,33840,3622,7.25,1.212,1.6,61.0,852,657,10,270,46,1277,1.95,19.2,bls_modeled
2011,New Haven,Connecticut,city_medium,134000,3485,2544,41820,2872,34460,3701,7.25,1.213,3.2,61.1,900,704,10,273,46,1331,1.91,20.2,bls_modeled
2012,New Haven,Connecticut,city_medium,134000,3690,2694,44280,2896,34750,3769,7.25,1.274,2.1,60.6,886,678,10,286,46,1320,2.04,18.4,bls_modeled
2013,New Haven,Connecticut,city_medium,134000,3678,2685,44136,2923,35080,3870,7.25,1.258,1.5,61.8,871,688,10,300,48,1348,1.99,18.7,bls_modeled
2014,New Haven,Connecticut,city_medium,134000,3659,2671,43908,2962,35540,3936,7.25,1.235,1.6,61.9,925,754,11,286,48,1421,1.88,20.6,bls_modeled
2015,New Haven,Connecticut,city_medium,134000,3755,2741,45060,3017,36200,4027,7.25,1.245,0.1,61.7,943,704,10,295,51,1363,2.01,18.7,bls_modeled
2016,New Haven,Connecticut,city_medium,134000,3976,2902,47712,3087,37040,4136,7.25,1.288,1.3,61.9,916,701,11,289,51,1376,2.11,17.6,bls_modeled
2017,New Haven,Connecticut,city_medium,134000,4078,2977,48936,3141,37690,4218,7.25,1.298,2.1,62.4,943,730,11,311,50,1428,2.08,17.9,bls_modeled
2018,New Haven,Connecticut,city_medium,134000,4225,3084,50700,3220,38640,4330,7.25,1.312,2.4,63.3,947,743,11,318,50,1451,2.13,17.6,bls_modeled
2019,New Haven,Connecticut,city_medium,134000,4175,3048,50100,3318,39810,4458,7.25,1.258,1.8,62.5,997,798,11,311,51,1502,2.03,19.1,bls_modeled
2020,New Haven,Connecticut,city_medium,134000,4543,3316,54516,3496,41950,4692,7.25,1.299,1.2,62.9,964,771,12,321,53,1509,2.2,17.0,bls_modeled
2021,New Haven,Connecticut,city_medium,134000,5035,3676,60420,3813,45760,4855,7.25,1.32,4.7,64.3,998,793,13,334,57,1574,2.34,15.7,bls_modeled
2022,New Haven,Connecticut,city_medium,134000,4850,3540,58200,3859,46310,5158,7.25,1.257,8.0,63.7,1165,892,13,373,62,1727,2.05,18.4,bls_modeled
2023,New Haven,Connecticut,city_medium,134000,5141,3753,61692,4005,48060,5456,7.25,1.284,4.1,63.7,1164,963,14,385,64,1838,2.04,18.7,bls_modeled
2024,New Haven,Connecticut,city_medium,134000,5603,4090,67236,4167,50000,5660,7.25,1.345,2.9,64.5,1194,996,13,405,65,1876,2.18,17.8,bls_modeled
2010,Providence,Rhode Island,city_medium,190000,3075,2245,36900,2820,33840,3622,7.25,1.09,1.6,73.6,832,637,10,261,44,1246,1.8,20.7,numbeo
2011,Providence,Rhode Island,city_medium,190000,3095,2259,37140,2872,34460,3701,7.25,1.078,3.2,72.9,862,648,10,269,48,1273,1.77,20.9,numbeo
2012,Providence,Rhode Island,city_medium,190000,3156,2304,37872,2896,34750,3769,7.25,1.09,2.1,72.6,902,726,10,287,49,1372,1.68,23.0,numbeo
2013,Providence,Rhode Island,city_medium,190000,3186,2326,38232,2923,35080,3870,7.25,1.09,1.5,72.9,881,729,10,279,47,1367,1.7,22.9,numbeo
2014,Providence,Rhode Island,city_medium,190000,3147,2297,37764,2962,35540,3936,7.25,1.062,1.6,73.1,905,721,10,286,50,1370,1.68,22.9,numbeo
2015,Providence,Rhode Island,city_medium,190000,3203,2338,38436,3017,36200,4027,7.25,1.062,0.1,74.3,892,716,10,284,51,1364,1.71,22.4,numbeo
2016,Providence,Rhode Island,city_medium,190000,3276,2391,39312,3087,37040,4136,7.25,1.061,1.3,74.3,888,709,11,296,48,1388,1.72,21.6,numbeo
2017,Providence,Rhode Island,city_medium,190000,3476,2537,41712,3141,37690,4218,7.25,1.107,2.1,74.0,955,738,11,306,50,1431,1.77,21.2,numbeo
2018,Providence,Rhode Island,city_medium,190000,3579,2613,42948,3220,38640,4330,7.25,1.111,2.4,74.6,964,770,11,315,53,1478,1.77,21.5,numbeo
2019,Providence,Rhode Island,city_medium,190000,3539,2583,42468,3318,39810,4458,7.25,1.067,1.8,74.7,990,784,11,318,55,1499,1.72,22.2,numbeo
2020,Providence,Rhode Island,city_medium,190000,3865,2821,46380,3496,41950,4692,7.25,1.106,1.2,74.7,1024,813,12,330,52,1559,1.81,21.0,numbeo
2021,Providence,Rhode Island,city_medium,190000,4047,2954,48564,3813,45760,4855,7.25,1.061,4.7,75.2,1017,813,12,349,58,1590,1.86,20.1,numbeo
2022,Providence,Rhode Island,city_medium,190000,4134,3018,49608,3859,46310,5158,7.25,1.071,8.0,76.0,1128,923,13,360,61,1744,1.73,22.3,numbeo
2023,Providence,Rhode Island,city_medium,190000,4388,3203,52656,4005,48060,5456,7.25,1.096,4.1,76.5,1146,963,13,364,64,1797,1.78,21.9,numbeo
2024,Providence,Rhode Island,city_medium,190000,4441,3242,53292,4167,50000,5660,7.25,1.066,2.9,75.4,1235,913,14,404,63,1810,1.79,20.6,numbeo
2010,Newark,New Jersey,city_medium,311000,3441,2512,41292,2820,33840,3622,7.25,1.22,1.6,60.6,837,676,10,265,45,1290,1.95,19.6,bls_modeled
2011,Newark,New Jersey,city_medium,311000,3434,2507,41208,2872,34460,3701,7.25,1.196,3.2,60.4,896,672,10,281,48,1309,1.92,19.6,bls_modeled
2012,Newark,New Jersey,city_medium,311000,3531,2578,42372,2896,34750,3769,7.25,1.219,2.1,61.3,910,703,10,282,46,1341,1.92,19.9,bls_modeled
2013,Newark,New Jersey,city_medium,311000,3630,2650,43560,2923,35080,3870,7.25,1.242,1.5,60.8,898,720,10,293,50,1375,1.93,19.8,bls_modeled
2014,Newark,New Jersey,city_medium,311000,3765,2748,45180,2962,35540,3936,7.25,1.271,1.6,61.5,917,731,10,291,50,1385,1.98,19.4,bls_modeled
2015,Newark,New Jersey,city_medium,311000,3738,2729,44856,3017,36200,4027,7.25,1.239,0.1,62.2,890,697,10,285,50,1345,2.03,18.6,bls_modeled
2016,Newark,New Jersey,city_medium,311000,3854,2813,46248,3087,37040,4136,7.25,1.248,1.3,62.6,888,748,11,299,51,1433,1.96,19.4,bls_modeled
2017,Newark,New Jersey,city_medium,311000,3932,2870,47184,3141,37690,4218,7.25,1.252,2.1,62.0,962,719,11,313,53,1422,2.02,18.3,bls_modeled
2018,Newark,New Jersey,city_medium,311000,4083,2981,48996,3220,38640,4330,7.25,1.268,2.4,62.5,983,724,11,303,52,1419,2.1,17.7,bls_modeled
2019,Newark,New Jersey,city_medium,311000,4168,3043,50016,3318,39810,4458,7.25,1.256,1.8,63.2,1006,754,12,314,52,1482,2.05,18.1,bls_modeled
2020,Newark,New Jersey,city_medium,311000,4466,3260,53592,3496,41950,4692,7.25,1.277,1.2,63.6,945,774,12,319,55,1512,2.16,17.3,bls_modeled
2021,Newark,New Jersey,city_medium,311000,4763,3477,57156,3813,45760,4855,7.25,1.249,4.7,64.1,991,853,12,324,56,1603,2.17,17.9,bls_modeled
2022,Newark,New Jersey,city_medium,311000,4841,3534,58092,3859,46310,5158,7.25,1.254,8.0,63.9,1111,915,13,361,58,1734,2.04,18.9,bls_modeled
2023,Newark,New Jersey,city_medium,311000,5279,3854,63348,4005,48060,5456,7.25,1.318,4.1,64.7,1202,924,14,375,64,1789,2.15,17.5,bls_modeled
2024,Newark,New Jersey,city_medium,311000,5563,4061,66756,4167,50000,5660,7.25,1.335,2.9,63.8,1234,977,13,401,65,1853,2.19,17.6,bls_modeled
2010,Jersey City,New Jersey,city_medium,292000,3398,2481,40776,2820,33840,3622,7.25,1.205,1.6,59.6,823,673,10,261,45,1283,1.93,19.8,bls_modeled
2011,Jersey City,New Jersey,city_medium,292000,3457,2524,41484,2872,34460,3701,7.25,1.204,3.2,60.9,884,659,10,289,48,1304,1.94,19.1,bls_modeled
2012,Jersey City,New Jersey,city_medium,292000,3432,2505,41184,2896,34750,3769,7.25,1.185,2.1,60.0,871,684,11,279,46,1339,1.87,19.9,bls_modeled
2013,Jersey City,New Jersey,city_medium,292000,3512,2564,42144,2923,35080,3870,7.25,1.202,1.5,61.3,920,686,10,290,49,1337,1.92,19.5,bls_modeled
2014,Jersey City,New Jersey,city_medium,292000,3751,2738,45012,2962,35540,3936,7.25,1.266,1.6,60.9,874,695,11,288,51,1367,2.0,18.5,bls_modeled
2015,Jersey City,New Jersey,city_medium,292000,3625,2646,43500,3017,36200,4027,7.25,1.202,0.1,61.8,905,700,11,294,51,1378,1.92,19.3,bls_modeled
2016,Jersey City,New Jersey,city_medium,292000,3838,2802,46056,3087,37040,4136,7.25,1.243,1.3,61.7,936,745,11,297,52,1429,1.96,19.4,bls_modeled
2017,Jersey City,New Jersey,city_medium,292000,3832,2797,45984,3141,37690,4218,7.25,1.22,2.1,62.7,902,715,11,313,50,1415,1.98,18.7,bls_modeled
2018,Jersey City,New Jersey,city_medium,292000,4076,2975,48912,3220,38640,4330,7.25,1.266,2.4,63.2,962,763,11,304,53,1460,2.04,18.7,bls_modeled
2019,Jersey City,New Jersey,city_medium,292000,4143,3024,49716,3318,39810,4458,7.25,1.249,1.8,62.2,984,743,11,311,51,1447,2.09,17.9,bls_modeled
2020,Jersey City,New Jersey,city_medium,292000,4544,3317,54528,3496,41950,4692,7.25,1.3,1.2,62.6,1030,767,12,315,53,1499,2.21,16.9,bls_modeled
2021,Jersey City,New Jersey,city_medium,292000,4798,3503,57576,3813,45760,4855,7.25,1.258,4.7,64.3,1054,809,12,343,54,1576,2.22,16.9,bls_modeled
2022,Jersey City,New Jersey,city_medium,292000,5137,3750,61644,3859,46310,5158,7.25,1.331,8.0,64.6,1166,921,13,372,61,1754,2.14,17.9,bls_modeled
2023,Jersey City,New Jersey,city_medium,292000,5184,3784,62208,4005,48060,5456,7.25,1.294,4.1,64.6,1223,908,14,366,64,1764,2.15,17.5,bls_modeled
2024,Jersey City,New Jersey,city_medium,292000,5396,3939,64752,4167,50000,5660,7.25,1.295,2.9,64.2,1168,940,14,389,67,1826,2.16,17.4,bls_modeled
2010,Philadelphia,Pennsylvania,city_large,1560000,3090,2256,37080,2820,33840,3622,7.25,1.096,1.6,76.3,1133,813,11,306,57,1500,1.5,26.3,numbeo
2011,Philadelphia,Pennsylvania,city_large,1560000,3186,2326,38232,2872,34460,3701,7.25,1.109,3.2,77.2,1190,896,11,334,58,1616,1.44,28.1,numbeo
2012,Philadelphia,Pennsylvania,city_large,1560000,3189,2328,38268,2896,34750,3769,7.25,1.101,2.1,77.2,1148,861,12,340,58,1609,1.45,27.0,numbeo
2013,Philadelphia,Pennsylvania,city_large,1560000,3322,2425,39864,2923,35080,3870,7.25,1.137,1.5,77.3,1217,905,12,323,60,1640,1.48,27.2,numbeo
2014,Philadelphia,Pennsylvania,city_large,1560000,3303,2411,39636,2962,35540,3936,7.25,1.115,1.6,77.8,1151,930,12,331,60,1674,1.44,28.2,numbeo
2015,Philadelphia,Pennsylvania,city_large,1560000,3371,2461,40452,3017,36200,4027,7.25,1.117,0.1,78.2,1264,927,12,350,58,1688,1.46,27.5,numbeo
2016,Philadelphia,Pennsylvania,city_large,1560000,3614,2638,43368,3087,37040,4136,7.25,1.171,1.3,77.7,1181,956,12,346,63,1720,1.53,26.5,numbeo
2017,Philadelphia,Pennsylvania,city_large,1560000,3613,2637,43356,3141,37690,4218,7.25,1.15,2.1,78.2,1265,982,12,365,64,1768,1.49,27.2,numbeo
2018,Philadelphia,Pennsylvania,city_large,1560000,3628,2648,43536,3220,38640,4330,7.25,1.127,2.4,78.5,1258,958,13,366,65,1769,1.5,26.4,numbeo
2019,Philadelphia,Pennsylvania,city_large,1560000,3728,2721,44736,3318,39810,4458,7.25,1.124,1.8,79.4,1272,933,13,377,64,1756,1.55,25.0,numbeo
2020,Philadelphia,Pennsylvania,city_large,1560000,3881,2833,46572,3496,41950,4692,7.25,1.11,1.2,78.8,1380,1017,13,383,67,1851,1.53,26.2,numbeo
2021,Philadelphia,Pennsylvania,city_large,1560000,4302,3140,51624,3813,45760,4855,7.25,1.128,4.7,79.4,1408,1037,13,397,69,1893,1.66,24.1,numbeo
2022,Philadelphia,Pennsylvania,city_large,1560000,4454,3251,53448,3859,46310,5158,7.25,1.154,8.0,79.6,1497,1137,15,416,76,2069,1.57,25.5,numbeo
2023,Philadelphia,Pennsylvania,city_large,1560000,4477,3268,53724,4005,48060,5456,7.25,1.118,4.1,80.1,1577,1108,16,421,80,2075,1.57,24.7,numbeo
2024,Philadelphia,Pennsylvania,city_large,1560000,4826,3523,57912,4167,50000,5660,7.25,1.158,2.9,80.3,1624,1255,16,455,83,2263,1.56,26.0,numbeo
2010,Pittsburgh,Pennsylvania,city_large,302000,2822,2060,33864,2820,33840,3622,7.25,1.001,1.6,64.6,1128,800,11,318,56,1498,1.38,28.3,numbeo
2011,Pittsburgh,Pennsylvania,city_large,302000,2886,2107,34632,2872,34460,3701,7.25,1.005,3.2,64.2,1163,864,11,313,57,1562,1.35,29.9,numbeo
2012,Pittsburgh,Pennsylvania,city_large,302000,2933,2141,35196,2896,34750,3769,7.25,1.013,2.1,64.6,1115,861,12,320,61,1592,1.34,29.4,numbeo
2013,Pittsburgh,Pennsylvania,city_large,302000,2824,2062,33888,2923,35080,3870,7.25,0.966,1.5,64.7,1191,930,12,343,58,1683,1.23,32.9,numbeo
2014,Pittsburgh,Pennsylvania,city_large,302000,2962,2162,35544,2962,35540,3936,7.25,1.0,1.6,65.0,1255,900,12,351,61,1665,1.3,30.4,numbeo
2015,Pittsburgh,Pennsylvania,city_large,302000,2934,2142,35208,3017,36200,4027,7.25,0.972,0.1,64.7,1230,900,13,346,60,1679,1.28,30.7,numbeo
2016,Pittsburgh,Pennsylvania,city_large,302000,3027,2210,36324,3087,37040,4136,7.25,0.981,1.3,66.3,1222,952,13,351,59,1737,1.27,31.5,numbeo
2017,Pittsburgh,Pennsylvania,city_large,302000,3187,2327,38244,3141,37690,4218,7.25,1.015,2.1,65.4,1212,982,12,365,65,1769,1.32,30.8,numbeo
2018,Pittsburgh,Pennsylvania,city_large,302000,3245,2369,38940,3220,38640,4330,7.25,1.008,2.4,65.5,1305,938,12,350,64,1712,1.38,28.9,numbeo
2019,Pittsburgh,Pennsylvania,city_large,302000,3397,2480,40764,3318,39810,4458,7.25,1.024,1.8,65.3,1326,962,13,368,66,1778,1.39,28.3,numbeo
2020,Pittsburgh,Pennsylvania,city_large,302000,3602,2629,43224,3496,41950,4692,7.25,1.03,1.2,65.6,1279,1000,13,366,64,1814,1.45,27.8,numbeo
2021,Pittsburgh,Pennsylvania,city_large,302000,3937,2874,47244,3813,45760,4855,7.25,1.033,4.7,65.8,1440,1010,13,377,67,1844,1.56,25.7,numbeo
2022,Pittsburgh,Pennsylvania,city_large,302000,3789,2766,45468,3859,46310,5158,7.25,0.982,8.0,66.7,1433,1078,14,419,77,1994,1.39,28.5,numbeo
2023,Pittsburgh,Pennsylvania,city_large,302000,4097,2991,49164,4005,48060,5456,7.25,1.023,4.1,66.2,1505,1151,16,443,79,2139,1.4,28.1,numbeo
2024,Pittsburgh,Pennsylvania,city_large,302000,4133,3017,49596,4167,50000,5660,7.25,0.992,2.9,66.8,1552,1200,15,464,83,2197,1.37,29.0,numbeo
2010,Allentown,Pennsylvania,city_medium,125000,2984,2178,35808,2820,33840,3622,7.25,1.058,1.6,57.6,810,634,9,270,44,1232,1.77,21.2,bls_modeled
2011,Allentown,Pennsylvania,city_medium,125000,2959,2160,35508,2872,34460,3701,7.25,1.03,3.2,57.6,853,654,10,277,47,1286,1.68,22.1,bls_modeled
2012,Allentown,Pennsylvania,city_medium,125000,3104,2266,37248,2896,34750,3769,7.25,1.072,2.1,57.7,866,721,10,279,49,1359,1.67,23.2,bls_modeled
2013,Allentown,Pennsylvania,city_medium,125000,3105,2267,37260,2923,35080,3870,7.25,1.062,1.5,57.9,881,677,11,280,47,1336,1.7,21.8,bls_modeled
2014,Allentown,Pennsylvania,city_medium,125000,3094,2259,37128,2962,35540,3936,7.25,1.045,1.6,58.3,891,703,11,285,51,1372,1.65,22.7,bls_modeled
2015,Allentown,Pennsylvania,city_medium,125000,3138,2291,37656,3017,36200,4027,7.25,1.04,0.1,58.7,933,738,11,297,49,1417,1.62,23.5,bls_modeled
2016,Allentown,Pennsylvania,city_medium,125000,3159,2306,37908,3087,37040,4136,7.25,1.023,1.3,59.2,918,715,11,299,48,1397,1.65,22.6,bls_modeled
2017,Allentown,Pennsylvania,city_medium,125000,3303,2411,39636,3141,37690,4218,7.25,1.052,2.1,58.3,932,769,11,305,50,1461,1.65,23.3,bls_modeled
2018,Allentown,Pennsylvania,city_medium,125000,3305,2413,39660,3220,38640,4330,7.25,1.026,2.4,58.4,963,792,12,309,53,1514,1.59,24.0,bls_modeled
2019,Allentown,Pennsylvania,city_medium,125000,3619,2642,43428,3318,39810,4458,7.25,1.091,1.8,59.7,966,767,12,311,54,1494,1.77,21.2,bls_modeled
2020,Allentown,Pennsylvania,city_medium,125000,3764,2748,45168,3496,41950,4692,7.25,1.077,1.2,58.5,988,759,12,323,54,1500,1.83,20.2,bls_modeled
2021,Allentown,Pennsylvania,city_medium,125000,4009,2927,48108,3813,45760,4855,7.25,1.051,4.7,59.5,989,856,12,341,56,1623,1.8,21.4,bls_modeled
2022,Allentown,Pennsylvania,city_medium,125000,4240,3095,50880,3859,46310,5158,7.25,1.099,8.0,59.8,1099,910,12,359,62,1711,1.81,21.5,bls_modeled
2023,Allentown,Pennsylvania,city_medium,125000,4147,3027,49764,4005,48060,5456,7.25,1.035,4.1,59.7,1111,886,13,389,65,1746,1.73,21.4,bls_modeled
2024,Allentown,Pennsylvania,city_medium,125000,4437,3239,53244,4167,50000,5660,7.25,1.065,2.9,60.3,1156,980,15,400,65,1895,1.71,22.1,bls_modeled
2010,Baltimore,Maryland,city_large,585000,3236,2362,38832,2820,33840,3622,7.25,1.148,1.6,73.5,1124,854,11,323,57,1558,1.52,26.4,numbeo
2011,Baltimore,Maryland,city_large,585000,3167,2312,38004,2872,34460,3701,7.25,1.103,3.2,74.9,1110,826,12,315,60,1549,1.49,26.1,numbeo
2012,Baltimore,Maryland,city_large,585000,3304,2412,39648,2896,34750,3769,7.25,1.141,2.1,74.1,1139,873,12,319,59,1601,1.51,26.4,numbeo
2013,Baltimore,Maryland,city_large,585000,3417,2494,41004,2923,35080,3870,7.25,1.169,1.5,73.9,1239,917,12,342,58,1669,1.49,26.8,numbeo
2014,Baltimore,Maryland,city_large,585000,3412,2491,40944,2962,35540,3936,7.25,1.152,1.6,75.3,1268,944,12,341,63,1701,1.46,27.7,numbeo
2015,Baltimore,Maryland,city_large,585000,3455,2522,41460,3017,36200,4027,7.25,1.145,0.1,75.5,1267,911,13,333,60,1677,1.5,26.4,numbeo
2016,Baltimore,Maryland,city_large,585000,3596,2625,43152,3087,37040,4136,7.25,1.165,1.3,75.4,1244,927,12,341,60,1683,1.56,25.8,numbeo
2017,Baltimore,Maryland,city_large,585000,3529,2576,42348,3141,37690,4218,7.25,1.124,2.1,75.2,1212,926,12,364,62,1709,1.51,26.2,numbeo
2018,Baltimore,Maryland,city_large,585000,3699,2700,44388,3220,38640,4330,7.25,1.149,2.4,75.2,1230,928,13,369,65,1742,1.55,25.1,numbeo
2019,Baltimore,Maryland,city_large,585000,4019,2934,48228,3318,39810,4458,7.25,1.211,1.8,76.0,1281,984,13,365,63,1794,1.64,24.5,numbeo
2020,Baltimore,Maryland,city_large,585000,4120,3008,49440,3496,41950,4692,7.25,1.178,1.2,76.6,1284,1028,13,380,66,1858,1.62,25.0,numbeo
2021,Baltimore,Maryland,city_large,585000,4481,3271,53772,3813,45760,4855,7.25,1.175,4.7,76.3,1435,992,14,395,69,1866,1.75,22.1,numbeo
2022,Baltimore,Maryland,city_large,585000,4742,3462,56904,3859,46310,5158,7.25,1.229,8.0,76.1,1509,1170,15,424,76,2110,1.64,24.7,numbeo
2023,Baltimore,Maryland,city_large,585000,4712,3440,56544,4005,48060,5456,7.25,1.177,4.1,77.1,1502,1158,15,424,80,2108,1.63,24.6,numbeo
2024,Baltimore,Maryland,city_large,585000,4832,3527,57984,4167,50000,5660,7.25,1.16,2.9,77.1,1550,1228,17,450,82,2250,1.57,25.4,numbeo
2010,Washington DC,DC,megalopolis,690000,4102,2994,49224,2820,33840,3622,7.25,1.455,1.6,92.6,2642,1856,15,411,92,2763,1.08,45.2,numbeo
2011,Washington DC,DC,megalopolis,690000,4077,2976,48924,2872,34460,3701,7.25,1.42,3.2,91.9,2672,2013,16,414,92,2947,1.01,49.4,numbeo
2012,Washington DC,DC,megalopolis,690000,4244,3098,50928,2896,34750,3769,7.25,1.465,2.1,92.1,2747,2044,17,433,95,3022,1.03,48.2,numbeo
2013,Washington DC,DC,megalopolis,690000,4313,3148,51756,2923,35080,3870,7.25,1.476,1.5,92.3,2834,2096,16,464,94,3086,1.02,48.6,numbeo
2014,Washington DC,DC,megalopolis,690000,4408,3218,52896,2962,35540,3936,7.25,1.488,1.6,93.4,2860,2207,16,445,96,3181,1.01,50.1,numbeo
2015,Washington DC,DC,megalopolis,690000,4380,3197,52560,3017,36200,4027,7.25,1.452,0.1,93.5,2862,2022,17,466,102,3043,1.05,46.2,numbeo
2016,Washington DC,DC,megalopolis,690000,4419,3226,53028,3087,37040,4136,7.25,1.431,1.3,94.4,2923,2228,17,453,99,3235,1.0,50.4,numbeo
2017,Washington DC,DC,megalopolis,690000,4585,3347,55020,3141,37690,4218,7.25,1.46,2.1,94.5,3113,2183,18,472,99,3231,1.04,47.6,numbeo
2018,Washington DC,DC,megalopolis,690000,4745,3464,56940,3220,38640,4330,7.25,1.474,2.4,94.6,2902,2246,18,462,103,3291,1.05,47.3,numbeo
2019,Washington DC,DC,megalopolis,690000,5138,3751,61656,3318,39810,4458,7.25,1.549,1.8,94.4,3077,2354,19,480,104,3440,1.09,45.8,numbeo
2020,Washington DC,DC,megalopolis,690000,5143,3754,61716,3496,41950,4692,7.25,1.471,1.2,95.0,2997,2357,18,499,106,3446,1.09,45.8,numbeo
2021,Washington DC,DC,megalopolis,690000,5772,4214,69264,3813,45760,4855,7.25,1.514,4.7,95.3,3200,2536,20,519,116,3701,1.14,43.9,numbeo
2022,Washington DC,DC,megalopolis,690000,5855,4274,70260,3859,46310,5158,7.25,1.517,8.0,95.6,3429,2545,21,562,118,3785,1.13,43.5,numbeo
2023,Washington DC,DC,megalopolis,690000,6129,4474,73548,4005,48060,5456,7.25,1.53,4.1,95.3,3845,2666,21,584,130,3946,1.13,43.5,numbeo
2024,Washington DC,DC,megalopolis,690000,6509,4752,78108,4167,50000,5660,7.25,1.562,2.9,96.4,3823,2804,23,614,128,4156,1.14,43.1,numbeo
2010,Richmond,Virginia,city_medium,230000,2591,1891,31092,2820,33840,3622,7.25,0.919,1.6,64.6,863,680,9,261,46,1271,1.49,26.2,numbeo
2011,Richmond,Virginia,city_medium,230000,2614,1908,31368,2872,34460,3701,7.25,0.91,3.2,66.0,839,684,10,270,45,1307,1.46,26.2,numbeo
2012,Richmond,Virginia,city_medium,230000,2709,1978,32508,2896,34750,3769,7.25,0.935,2.1,65.0,882,672,11,292,47,1341,1.48,24.8,numbeo
2013,Richmond,Virginia,city_medium,230000,2840,2073,34080,2923,35080,3870,7.25,0.972,1.5,65.5,917,740,11,281,50,1403,1.48,26.1,numbeo
2014,Richmond,Virginia,city_medium,230000,2881,2103,34572,2962,35540,3936,7.25,0.973,1.6,66.4,900,738,11,304,50,1425,1.48,25.6,numbeo
2015,Richmond,Virginia,city_medium,230000,2796,2041,33552,3017,36200,4027,7.25,0.927,0.1,66.0,926,739,10,294,48,1394,1.46,26.4,numbeo
2016,Richmond,Virginia,city_medium,230000,2892,2111,34704,3087,37040,4136,7.25,0.937,1.3,67.0,946,753,11,291,49,1428,1.48,26.0,numbeo
2017,Richmond,Virginia,city_medium,230000,2947,2151,35364,3141,37690,4218,7.25,0.938,2.1,67.0,957,761,11,305,49,1452,1.48,25.8,numbeo
2018,Richmond,Virginia,city_medium,230000,3190,2329,38280,3220,38640,4330,7.25,0.991,2.4,66.6,965,727,11,312,52,1431,1.63,22.8,numbeo
2019,Richmond,Virginia,city_medium,230000,3213,2345,38556,3318,39810,4458,7.25,0.968,1.8,67.3,1016,752,11,319,55,1468,1.6,23.4,numbeo
2020,Richmond,Virginia,city_medium,230000,3403,2484,40836,3496,41950,4692,7.25,0.973,1.2,66.9,990,765,12,313,53,1495,1.66,22.5,numbeo
2021,Richmond,Virginia,city_medium,230000,3647,2662,43764,3813,45760,4855,7.25,0.956,4.7,67.7,1062,794,12,330,55,1549,1.72,21.8,numbeo
2022,Richmond,Virginia,city_medium,230000,3778,2758,45336,3859,46310,5158,7.25,0.979,8.0,67.2,1087,850,13,355,62,1667,1.65,22.5,numbeo
2023,Richmond,Virginia,city_medium,230000,4123,3010,49476,4005,48060,5456,7.25,1.029,4.1,67.8,1223,893,13,373,64,1736,1.73,21.7,numbeo
2024,Richmond,Virginia,city_medium,230000,4226,3085,50712,4167,50000,5660,7.25,1.014,2.9,67.3,1194,975,14,393,64,1862,1.66,23.1,numbeo
2010,Virginia Beach,Virginia,city_medium,459000,3309,2416,39708,2820,33840,3622,7.25,1.173,1.6,59.2,794,668,10,262,46,1280,1.89,20.2,bls_modeled
2011,Virginia Beach,Virginia,city_medium,459000,3265,2383,39180,2872,34460,3701,7.25,1.137,3.2,58.8,894,706,10,271,46,1331,1.79,21.6,bls_modeled
2012,Virginia Beach,Virginia,city_medium,459000,3276,2391,39312,2896,34750,3769,7.25,1.131,2.1,59.3,870,665,10,295,48,1318,1.81,20.3,bls_modeled
2013,Virginia Beach,Virginia,city_medium,459000,3515,2566,42180,2923,35080,3870,7.25,1.203,1.5,60.5,881,672,10,284,50,1318,1.95,19.1,bls_modeled
2014,Virginia Beach,Virginia,city_medium,459000,3442,2513,41304,2962,35540,3936,7.25,1.162,1.6,60.3,923,692,11,298,50,1373,1.83,20.1,bls_modeled
2015,Virginia Beach,Virginia,city_medium,459000,3550,2592,42600,3017,36200,4027,7.25,1.177,0.1,60.8,933,703,10,294,51,1361,1.9,19.8,bls_modeled
2016,Virginia Beach,Virginia,city_medium,459000,3685,2690,44220,3087,37040,4136,7.25,1.194,1.3,60.0,900,758,11,293,48,1434,1.88,20.6,bls_modeled
2017,Virginia Beach,Virginia,city_medium,459000,3692,2695,44304,3141,37690,4218,7.25,1.175,2.1,61.9,962,707,11,312,49,1405,1.92,19.1,bls_modeled
2018,Virginia Beach,Virginia,city_medium,459000,3804,2777,45648,3220,38640,4330,7.25,1.181,2.4,62.2,920,788,11,320,53,1501,1.85,20.7,bls_modeled
2019,Virginia Beach,Virginia,city_medium,459000,4035,2946,48420,3318,39810,4458,7.25,1.216,1.8,61.4,987,780,11,327,51,1500,1.96,19.3,bls_modeled
2020,Virginia Beach,Virginia,city_medium,459000,4190,3059,50280,3496,41950,4692,7.25,1.199,1.2,61.5,1027,750,11,334,56,1484,2.06,17.9,bls_modeled
2021,Virginia Beach,Virginia,city_medium,459000,4813,3513,57756,3813,45760,4855,7.25,1.262,4.7,61.6,1051,833,12,342,58,1603,2.19,17.3,bls_modeled
2022,Virginia Beach,Virginia,city_medium,459000,4704,3434,56448,3859,46310,5158,7.25,1.219,8.0,62.7,1159,875,13,363,60,1698,2.02,18.6,bls_modeled
2023,Virginia Beach,Virginia,city_medium,459000,5041,3680,60492,4005,48060,5456,7.25,1.259,4.1,62.3,1156,899,13,368,62,1735,2.12,17.8,bls_modeled
2024,Virginia Beach,Virginia,city_medium,459000,5156,3764,61872,4167,50000,5660,7.25,1.237,2.9,63.3,1222,995,15,395,63,1903,1.98,19.3,bls_modeled
2010,Raleigh,North Carolina,city_large,475000,3155,2303,37860,2820,33840,3622,7.25,1.119,1.6,71.0,1116,833,12,306,54,1537,1.5,26.4,numbeo
2011,Raleigh,North Carolina,city_large,475000,3082,2250,36984,2872,34460,3701,7.25,1.073,3.2,71.0,1186,881,11,317,59,1585,1.42,28.6,numbeo
2012,Raleigh,North Carolina,city_large,475000,3123,2280,37476,2896,34750,3769,7.25,1.078,2.1,71.8,1163,876,12,337,60,1623,1.4,28.0,numbeo
2013,Raleigh,North Carolina,city_large,475000,3366,2457,40392,2923,35080,3870,7.25,1.152,1.5,72.3,1166,899,12,340,57,1648,1.49,26.7,numbeo
2014,Raleigh,North Carolina,city_large,475000,3284,2397,39408,2962,35540,3936,7.25,1.109,1.6,71.2,1196,897,12,335,62,1647,1.46,27.3,numbeo
2015,Raleigh,North Carolina,city_large,475000,3285,2398,39420,3017,36200,4027,7.25,1.089,0.1,72.4,1227,912,12,338,60,1663,1.44,27.8,numbeo
2016,Raleigh,North Carolina,city_large,475000,3380,2467,40560,3087,37040,4136,7.25,1.095,1.3,71.7,1167,878,12,357,62,1652,1.49,26.0,numbeo
2017,Raleigh,North Carolina,city_large,475000,3657,2670,43884,3141,37690,4218,7.25,1.164,2.1,72.7,1263,930,12,340,63,1690,1.58,25.4,numbeo
2018,Raleigh,North Carolina,city_large,475000,3625,2646,43500,3220,38640,4330,7.25,1.126,2.4,72.8,1293,966,13,367,67,1780,1.49,26.6,numbeo
2019,Raleigh,North Carolina,city_large,475000,3728,2721,44736,3318,39810,4458,7.25,1.124,1.8,72.6,1347,1003,14,353,65,1823,1.49,26.9,numbeo
2020,Raleigh,North Carolina,city_large,475000,4010,2927,48120,3496,41950,4692,7.25,1.147,1.2,73.9,1360,962,13,359,67,1772,1.65,24.0,numbeo
2021,Raleigh,North Carolina,city_large,475000,4492,3279,53904,3813,45760,4855,7.25,1.178,4.7,73.5,1395,1063,14,388,71,1932,1.7,23.7,numbeo
2022,Raleigh,North Carolina,city_large,475000,4287,3130,51444,3859,46310,5158,7.25,1.111,8.0,74.2,1536,1120,16,409,74,2063,1.52,26.1,numbeo
2023,Raleigh,North Carolina,city_large,475000,4550,3322,54600,4005,48060,5456,7.25,1.136,4.1,73.5,1622,1220,16,442,80,2208,1.5,26.8,numbeo
2024,Raleigh,North Carolina,city_large,475000,4873,3557,58476,4167,50000,5660,7.25,1.169,2.9,73.8,1677,1193,16,433,79,2175,1.64,24.5,numbeo
2010,Charlotte,North Carolina,city_large,875000,2914,2127,34968,2820,33840,3622,7.25,1.033,1.6,69.6,1068,861,11,321,55,1561,1.36,29.5,numbeo
2011,Charlotte,North Carolina,city_large,875000,3013,2199,36156,2872,34460,3701,7.25,1.049,3.2,70.0,1180,889,12,325,59,1621,1.36,29.5,numbeo
2012,Charlotte,North Carolina,city_large,875000,3012,2199,36144,2896,34750,3769,7.25,1.04,2.1,69.0,1157,887,12,327,56,1620,1.36,29.4,numbeo
2013,Charlotte,North Carolina,city_large,875000,2972,2170,35664,2923,35080,3870,7.25,1.017,1.5,69.5,1147,866,12,336,58,1612,1.35,29.1,numbeo
2014,Charlotte,North Carolina,city_large,875000,3079,2248,36948,2962,35540,3936,7.25,1.04,1.6,70.3,1224,930,12,327,62,1672,1.34,30.2,numbeo
2015,Charlotte,North Carolina,city_large,875000,3186,2326,38232,3017,36200,4027,7.25,1.056,0.1,70.7,1179,948,12,351,60,1712,1.36,29.8,numbeo
2016,Charlotte,North Carolina,city_large,875000,3261,2381,39132,3087,37040,4136,7.25,1.056,1.3,70.7,1203,958,12,335,63,1711,1.39,29.4,numbeo
2017,Charlotte,North Carolina,city_large,875000,3222,2352,38664,3141,37690,4218,7.25,1.026,2.1,69.8,1221,940,13,347,65,1729,1.36,29.2,numbeo
2018,Charlotte,North Carolina,city_large,875000,3400,2482,40800,3220,38640,4330,7.25,1.056,2.4,70.0,1297,928,12,354,64,1706,1.45,27.3,numbeo
2019,Charlotte,North Carolina,city_large,875000,3360,2453,40320,3318,39810,4458,7.25,1.013,1.8,70.4,1308,993,14,378,63,1836,1.34,29.6,numbeo
2020,Charlotte,North Carolina,city_large,875000,3562,2600,42744,3496,41950,4692,7.25,1.019,1.2,71.6,1314,998,13,376,66,1824,1.43,28.0,numbeo
2021,Charlotte,North Carolina,city_large,875000,4122,3009,49464,3813,45760,4855,7.25,1.081,4.7,71.0,1314,1045,14,390,71,1916,1.57,25.4,numbeo
2022,Charlotte,North Carolina,city_large,875000,4055,2960,48660,3859,46310,5158,7.25,1.051,8.0,71.4,1516,1158,15,412,73,2083,1.42,28.6,numbeo
2023,Charlotte,North Carolina,city_large,875000,4092,2987,49104,4005,48060,5456,7.25,1.022,4.1,72.0,1517,1182,16,441,81,2170,1.38,28.9,numbeo
2024,Charlotte,North Carolina,city_large,875000,4276,3121,51312,4167,50000,5660,7.25,1.026,2.9,72.4,1630,1183,17,433,81,2187,1.43,27.7,numbeo
2010,Durham,North Carolina,city_medium,278000,2702,1972,32424,2820,33840,3622,7.25,0.958,1.6,56.0,851,689,10,273,47,1313,1.5,25.5,bls_modeled
2011,Durham,North Carolina,city_medium,278000,2754,2010,33048,2872,34460,3701,7.25,0.959,3.2,55.8,902,668,10,276,46,1298,1.55,24.3,bls_modeled
2012,Durham,North Carolina,city_medium,278000,2763,2017,33156,2896,34750,3769,7.25,0.954,2.1,55.2,890,664,10,280,46,1300,1.55,24.0,bls_modeled
2013,Durham,North Carolina,city_medium,278000,2791,2037,33492,2923,35080,3870,7.25,0.955,1.5,56.1,931,715,10,285,50,1362,1.5,25.6,bls_modeled
2014,Durham,North Carolina,city_medium,278000,2912,2126,34944,2962,35540,3936,7.25,0.983,1.6,56.6,919,719,10,290,50,1372,1.55,24.7,bls_modeled
2015,Durham,North Carolina,city_medium,278000,2826,2063,33912,3017,36200,4027,7.25,0.937,0.1,56.2,919,736,11,299,49,1417,1.46,26.0,bls_modeled
2016,Durham,North Carolina,city_medium,278000,2900,2117,34800,3087,37040,4136,7.25,0.939,1.3,56.7,954,737,11,302,48,1422,1.49,25.4,bls_modeled
2017,Durham,North Carolina,city_medium,278000,2962,2162,35544,3141,37690,4218,7.25,0.943,2.1,56.6,908,762,11,315,53,1467,1.47,25.7,bls_modeled
2018,Durham,North Carolina,city_medium,278000,3070,2241,36840,3220,38640,4330,7.25,0.953,2.4,57.2,934,790,11,324,54,1508,1.49,25.7,bls_modeled
2019,Durham,North Carolina,city_medium,278000,3288,2400,39456,3318,39810,4458,7.25,0.991,1.8,56.9,969,747,12,310,54,1473,1.63,22.7,bls_modeled
2020,Durham,North Carolina,city_medium,278000,3458,2524,41496,3496,41950,4692,7.25,0.989,1.2,57.9,961,759,11,331,56,1490,1.69,21.9,bls_modeled
2021,Durham,North Carolina,city_medium,278000,3653,2667,43836,3813,45760,4855,7.25,0.958,4.7,57.5,1008,814,13,347,54,1605,1.66,22.3,bls_modeled
2022,Durham,North Carolina,city_medium,278000,3649,2664,43788,3859,46310,5158,7.25,0.946,8.0,57.2,1162,894,13,369,63,1726,1.54,24.5,bls_modeled
2023,Durham,North Carolina,city_medium,278000,4025,2938,48300,4005,48060,5456,7.25,1.005,4.1,58.8,1182,939,13,364,61,1770,1.66,23.3,bls_modeled
2024,Durham,North Carolina,city_medium,278000,3982,2907,47784,4167,50000,5660,7.25,0.956,2.9,57.9,1192,932,13,381,63,1786,1.63,23.4,bls_modeled
2010,Atlanta,Georgia,city_large,498000,2950,2154,35400,2820,33840,3622,7.25,1.046,1.6,71.5,1083,846,12,325,58,1573,1.37,28.7,numbeo
2011,Atlanta,Georgia,city_large,498000,3015,2201,36180,2872,34460,3701,7.25,1.05,3.2,71.1,1169,858,11,331,59,1576,1.4,28.5,numbeo
2012,Atlanta,Georgia,city_large,498000,2969,2167,35628,2896,34750,3769,7.25,1.025,2.1,71.8,1130,922,11,322,61,1635,1.33,31.1,numbeo
2013,Atlanta,Georgia,city_large,498000,3051,2227,36612,2923,35080,3870,7.25,1.044,1.5,71.0,1165,874,11,343,61,1610,1.38,28.6,numbeo
2014,Atlanta,Georgia,city_large,498000,3217,2348,38604,2962,35540,3936,7.25,1.086,1.6,71.4,1188,865,12,349,61,1628,1.44,26.9,numbeo
2015,Atlanta,Georgia,city_large,498000,3093,2258,37116,3017,36200,4027,7.25,1.025,0.1,72.1,1237,945,12,329,59,1686,1.34,30.6,numbeo
2016,Atlanta,Georgia,city_large,498000,3208,2342,38496,3087,37040,4136,7.25,1.039,1.3,73.0,1241,884,12,337,61,1637,1.43,27.6,numbeo
2017,Atlanta,Georgia,city_large,498000,3433,2506,41196,3141,37690,4218,7.25,1.093,2.1,72.8,1276,966,13,353,63,1759,1.42,28.1,numbeo
2018,Atlanta,Georgia,city_large,498000,3508,2561,42096,3220,38640,4330,7.25,1.089,2.4,72.7,1329,976,13,372,65,1793,1.43,27.8,numbeo
2019,Atlanta,Georgia,city_large,498000,3647,2662,43764,3318,39810,4458,7.25,1.099,1.8,72.3,1344,961,13,364,64,1771,1.5,26.4,numbeo
2020,Atlanta,Georgia,city_large,498000,3655,2668,43860,3496,41950,4692,7.25,1.045,1.2,73.2,1379,1009,14,386,67,1866,1.43,27.6,numbeo
2021,Atlanta,Georgia,city_large,498000,4069,2970,48828,3813,45760,4855,7.25,1.067,4.7,72.6,1356,1015,14,390,69,1884,1.58,24.9,numbeo
2022,Atlanta,Georgia,city_large,498000,4050,2956,48600,3859,46310,5158,7.25,1.049,8.0,73.4,1496,1161,15,418,72,2091,1.41,28.7,numbeo
2023,Atlanta,Georgia,city_large,498000,4384,3200,52608,4005,48060,5456,7.25,1.095,4.1,74.5,1577,1135,15,431,80,2092,1.53,25.9,numbeo
2024,Atlanta,Georgia,city_large,498000,4381,3198,52572,4167,50000,5660,7.25,1.051,2.9,73.5,1633,1153,16,443,79,2145,1.49,26.3,numbeo
2010,Augusta,Georgia,city_medium,202000,2768,2021,33216,2820,33840,3622,7.25,0.982,1.6,55.9,862,637,10,277,46,1264,1.6,23.0,bls_modeled
2011,Augusta,Georgia,city_medium,202000,2880,2102,34560,2872,34460,3701,7.25,1.003,3.2,56.2,838,671,10,278,48,1305,1.61,23.3,bls_modeled
2012,Augusta,Georgia,city_medium,202000,2886,2107,34632,2896,34750,3769,7.25,0.997,2.1,57.1,913,690,10,280,46,1326,1.59,23.9,bls_modeled
2013,Augusta,Georgia,city_medium,202000,2847,2078,34164,2923,35080,3870,7.25,0.974,1.5,57.6,863,694,11,294,47,1367,1.52,24.4,bls_modeled
2014,Augusta,Georgia,city_medium,202000,2937,2144,35244,2962,35540,3936,7.25,0.992,1.6,57.8,903,752,11,285,50,1420,1.51,25.6,bls_modeled
2015,Augusta,Georgia,city_medium,202000,2969,2167,35628,3017,36200,4027,7.25,0.984,0.1,57.9,932,712,11,296,48,1389,1.56,24.0,bls_modeled
2016,Augusta,Georgia,city_medium,202000,3073,2243,36876,3087,37040,4136,7.25,0.995,1.3,58.4,889,739,11,302,51,1427,1.57,24.0,bls_modeled
2017,Augusta,Georgia,city_medium,202000,3154,2302,37848,3141,37690,4218,7.25,1.004,2.1,57.7,902,723,11,310,49,1419,1.62,22.9,bls_modeled
2018,Augusta,Georgia,city_medium,202000,3304,2412,39648,3220,38640,4330,7.25,1.026,2.4,58.0,918,777,11,318,54,1489,1.62,23.5,bls_modeled
2019,Augusta,Georgia,city_medium,202000,3512,2564,42144,3318,39810,4458,7.25,1.058,1.8,58.0,976,746,11,329,53,1470,1.74,21.2,bls_modeled
2020,Augusta,Georgia,city_medium,202000,3489,2547,41868,3496,41950,4692,7.25,0.998,1.2,58.9,985,788,11,326,52,1510,1.69,22.6,bls_modeled
2021,Augusta,Georgia,city_medium,202000,3825,2792,45900,3813,45760,4855,7.25,1.003,4.7,58.6,999,815,12,348,55,1588,1.76,21.3,bls_modeled
2022,Augusta,Georgia,city_medium,202000,4026,2939,48312,3859,46310,5158,7.25,1.043,8.0,59.3,1104,868,13,373,58,1699,1.73,21.6,bls_modeled
2023,Augusta,Georgia,city_medium,202000,4141,3023,49692,4005,48060,5456,7.25,1.034,4.1,58.8,1142,911,14,367,63,1767,1.71,22.0,bls_modeled
2024,Augusta,Georgia,city_medium,202000,4383,3200,52596,4167,50000,5660,7.25,1.052,2.9,59.2,1209,908,14,393,66,1797,1.78,20.7,bls_modeled
2010,Savannah,Georgia,city_medium,147000,2778,2028,33336,2820,33840,3622,7.25,0.985,1.6,55.8,815,663,9,266,45,1258,1.61,23.9,bls_modeled
2011,Savannah,Georgia,city_medium,147000,2855,2084,34260,2872,34460,3701,7.25,0.994,3.2,57.0,878,685,10,280,46,1319,1.58,24.0,bls_modeled
2012,Savannah,Georgia,city_medium,147000,2840,2073,34080,2896,34750,3769,7.25,0.981,2.1,56.4,916,713,11,281,46,1370,1.51,25.1,bls_modeled
2013,Savannah,Georgia,city_medium,147000,2887,2108,34644,2923,35080,3870,7.25,0.988,1.5,56.7,862,723,11,288,47,1390,1.52,25.0,bls_modeled
2014,Savannah,Georgia,city_medium,147000,2943,2148,35316,2962,35540,3936,7.25,0.994,1.6,57.6,952,722,11,303,47,1405,1.53,24.5,bls_modeled
2015,Savannah,Georgia,city_medium,147000,2993,2185,35916,3017,36200,4027,7.25,0.992,0.1,58.1,926,705,11,306,49,1393,1.57,23.6,bls_modeled
2016,Savannah,Georgia,city_medium,147000,3044,2222,36528,3087,37040,4136,7.25,0.986,1.3,57.3,955,717,11,294,50,1396,1.59,23.6,bls_modeled
2017,Savannah,Georgia,city_medium,147000,3244,2368,38928,3141,37690,4218,7.25,1.033,2.1,58.2,971,718,11,300,49,1404,1.69,22.1,bls_modeled
2018,Savannah,Georgia,city_medium,147000,3282,2396,39384,3220,38640,4330,7.25,1.019,2.4,58.1,941,734,12,302,52,1448,1.65,22.4,bls_modeled
2019,Savannah,Georgia,city_medium,147000,3319,2423,39828,3318,39810,4458,7.25,1.0,1.8,57.7,947,807,11,322,51,1522,1.59,24.3,bls_modeled
2020,Savannah,Georgia,city_medium,147000,3635,2654,43620,3496,41950,4692,7.25,1.04,1.2,58.2,1002,765,11,321,53,1483,1.79,21.0,bls_modeled
2021,Savannah,Georgia,city_medium,147000,3948,2882,47376,3813,45760,4855,7.25,1.035,4.7,58.3,991,808,12,345,58,1581,1.82,20.5,bls_modeled
2022,Savannah,Georgia,city_medium,147000,3979,2905,47748,3859,46310,5158,7.25,1.031,8.0,59.3,1135,910,13,353,63,1726,1.68,22.9,bls_modeled
2023,Savannah,Georgia,city_medium,147000,4084,2981,49008,4005,48060,5456,7.25,1.02,4.1,58.5,1208,946,13,371,63,1786,1.67,23.2,bls_modeled
2024,Savannah,Georgia,city_medium,147000,4306,3143,51672,4167,50000,5660,7.25,1.033,2.9,59.6,1240,964,14,392,63,1849,1.7,22.4,bls_modeled
2010,Jacksonville,Florida,city_large,949000,3095,2259,37140,2820,33840,3622,7.25,1.098,1.6,65.4,1134,825,11,302,55,1506,1.5,26.7,bls_modeled
2011,Jacksonville,Florida,city_large,949000,3011,2198,36132,2872,34460,3701,7.25,1.048,3.2,65.1,1134,894,12,312,56,1610,1.37,29.7,bls_modeled
2012,Jacksonville,Florida,city_large,949000,3032,2213,36384,2896,34750,3769,7.25,1.047,2.1,65.7,1156,850,12,318,60,1578,1.4,28.0,bls_modeled
2013,Jacksonville,Florida,city_large,949000,3083,2251,36996,2923,35080,3870,7.25,1.055,1.5,65.5,1232,882,12,343,58,1635,1.38,28.6,bls_modeled
2014,Jacksonville,Florida,city_large,949000,3137,2290,37644,2962,35540,3936,7.25,1.059,1.6,66.0,1226,928,12,338,60,1679,1.36,29.6,bls_modeled
2015,Jacksonville,Florida,city_large,949000,3161,2308,37932,3017,36200,4027,7.25,1.048,0.1,67.1,1206,933,12,338,62,1686,1.37,29.5,bls_modeled
2016,Jacksonville,Florida,city_large,949000,3471,2534,41652,3087,37040,4136,7.25,1.124,1.3,66.3,1169,893,12,343,61,1652,1.53,25.7,bls_modeled
2017,Jacksonville,Florida,city_large,949000,3408,2488,40896,3141,37690,4218,7.25,1.085,2.1,67.8,1303,972,13,347,64,1760,1.41,28.5,bls_modeled
2018,Jacksonville,Florida,city_large,949000,3553,2594,42636,3220,38640,4330,7.25,1.103,2.4,67.1,1220,930,12,368,62,1720,1.51,26.2,bls_modeled
2019,Jacksonville,Florida,city_large,949000,3768,2751,45216,3318,39810,4458,7.25,1.136,1.8,68.4,1321,992,13,380,63,1817,1.51,26.3,bls_modeled
2020,Jacksonville,Florida,city_large,949000,3852,2812,46224,3496,41950,4692,7.25,1.102,1.2,68.6,1296,953,14,374,64,1795,1.57,24.7,bls_modeled
2021,Jacksonville,Florida,city_large,949000,4221,3081,50652,3813,45760,4855,7.25,1.107,4.7,68.2,1446,1002,13,394,67,1853,1.66,23.7,bls_modeled
2022,Jacksonville,Florida,city_large,949000,4339,3167,52068,3859,46310,5158,7.25,1.124,8.0,67.8,1467,1171,15,418,76,2105,1.5,27.0,bls_modeled
2023,Jacksonville,Florida,city_large,949000,4415,3223,52980,4005,48060,5456,7.25,1.102,4.1,68.4,1593,1184,15,444,78,2152,1.5,26.8,bls_modeled
2024,Jacksonville,Florida,city_large,949000,4818,3517,57816,4167,50000,5660,7.25,1.156,2.9,68.3,1595,1144,15,449,82,2125,1.66,23.7,bls_modeled
2010,Miami,Florida,city_large,442000,2782,2031,33384,2820,33840,3622,7.25,0.987,1.6,81.0,1154,813,11,303,55,1495,1.36,29.2,numbeo
2011,Miami,Florida,city_large,442000,2809,2051,33708,2872,34460,3701,7.25,0.978,3.2,82.3,1162,831,12,332,58,1569,1.31,29.6,numbeo
2012,Miami,Florida,city_large,442000,2711,1979,32532,2896,34750,3769,7.25,0.936,2.1,81.6,1178,895,12,328,57,1630,1.21,33.0,numbeo
2013,Miami,Florida,city_large,442000,2899,2116,34788,2923,35080,3870,7.25,0.992,1.5,82.9,1168,849,12,322,61,1584,1.34,29.3,numbeo
2014,Miami,Florida,city_large,442000,2925,2135,35100,2962,35540,3936,7.25,0.988,1.6,82.0,1242,899,12,352,60,1664,1.28,30.7,numbeo
2015,Miami,Florida,city_large,442000,3010,2197,36120,3017,36200,4027,7.25,0.998,0.1,82.3,1154,875,12,327,60,1615,1.36,29.1,numbeo
2016,Miami,Florida,city_large,442000,3035,2216,36420,3087,37040,4136,7.25,0.983,1.3,82.8,1287,890,12,357,63,1665,1.33,29.3,numbeo
2017,Miami,Florida,city_large,442000,3131,2286,37572,3141,37690,4218,7.25,0.997,2.1,83.8,1310,935,13,345,61,1718,1.33,29.9,numbeo
2018,Miami,Florida,city_large,442000,3151,2300,37812,3220,38640,4330,7.25,0.979,2.4,83.8,1270,956,12,366,64,1746,1.32,30.3,numbeo
2019,Miami,Florida,city_large,442000,3250,2372,39000,3318,39810,4458,7.25,0.98,1.8,83.1,1261,1009,13,357,63,1811,1.31,31.0,numbeo
2020,Miami,Florida,city_large,442000,3532,2578,42384,3496,41950,4692,7.25,1.01,1.2,84.8,1336,1035,13,370,67,1856,1.39,29.3,numbeo
2021,Miami,Florida,city_large,442000,3915,2858,46980,3813,45760,4855,7.25,1.027,4.7,84.5,1408,1054,13,395,71,1910,1.5,26.9,numbeo
2022,Miami,Florida,city_large,442000,3878,2831,46536,3859,46310,5158,7.25,1.005,8.0,83.7,1517,1075,15,408,73,1996,1.42,27.7,numbeo
2023,Miami,Florida,city_large,442000,3885,2836,46620,4005,48060,5456,7.25,0.97,4.1,84.5,1610,1202,15,427,75,2150,1.32,30.9,numbeo
2024,Miami,Florida,city_large,442000,4228,3086,50736,4167,50000,5660,7.25,1.015,2.9,84.6,1630,1184,16,450,80,2184,1.41,28.0,numbeo
2010,Tampa,Florida,city_large,384000,2620,1913,31440,2820,33840,3622,7.25,0.929,1.6,68.4,1118,863,11,309,57,1553,1.23,32.9,numbeo
2011,Tampa,Florida,city_large,384000,2544,1857,30528,2872,34460,3701,7.25,0.886,3.2,68.0,1115,847,12,336,58,1589,1.17,33.3,numbeo
2012,Tampa,Florida,city_large,384000,2570,1876,30840,2896,34750,3769,7.25,0.887,2.1,68.2,1123,894,11,317,57,1598,1.17,34.8,numbeo
2013,Tampa,Florida,city_large,384000,2775,2026,33300,2923,35080,3870,7.25,0.949,1.5,69.1,1206,937,12,334,58,1681,1.21,33.8,numbeo
2014,Tampa,Florida,city_large,384000,2805,2048,33660,2962,35540,3936,7.25,0.947,1.6,68.9,1150,881,12,334,59,1627,1.26,31.4,numbeo
2015,Tampa,Florida,city_large,384000,2724,1989,32688,3017,36200,4027,7.25,0.903,0.1,68.8,1217,906,12,333,59,1651,1.2,33.3,numbeo
2016,Tampa,Florida,city_large,384000,2901,2118,34812,3087,37040,4136,7.25,0.94,1.3,68.7,1265,923,12,335,63,1676,1.26,31.8,numbeo
2017,Tampa,Florida,city_large,384000,3034,2215,36408,3141,37690,4218,7.25,0.966,2.1,70.1,1204,910,13,363,65,1715,1.29,30.0,numbeo
2018,Tampa,Florida,city_large,384000,3113,2272,37356,3220,38640,4330,7.25,0.967,2.4,69.2,1283,985,13,368,63,1796,1.27,31.6,numbeo
2019,Tampa,Florida,city_large,384000,3058,2232,36696,3318,39810,4458,7.25,0.922,1.8,70.6,1325,1001,12,364,66,1793,1.24,32.7,numbeo
2020,Tampa,Florida,city_large,384000,3378,2466,40536,3496,41950,4692,7.25,0.966,1.2,70.0,1383,1021,13,371,66,1842,1.34,30.2,numbeo
2021,Tampa,Florida,city_large,384000,3585,2617,43020,3813,45760,4855,7.25,0.94,4.7,70.7,1358,1065,14,403,71,1949,1.34,29.7,numbeo
2022,Tampa,Florida,city_large,384000,3703,2703,44436,3859,46310,5158,7.25,0.96,8.0,70.3,1536,1127,15,416,76,2059,1.31,30.4,numbeo
2023,Tampa,Florida,city_large,384000,3827,2794,45924,4005,48060,5456,7.25,0.956,4.1,70.2,1544,1163,16,444,79,2152,1.3,30.4,numbeo
2024,Tampa,Florida,city_large,384000,3899,2846,46788,4167,50000,5660,7.25,0.936,2.9,71.2,1592,1239,16,463,79,2251,1.26,31.8,numbeo
2010,Orlando,Florida,city_large,307000,2428,1772,29136,2820,33840,3622,7.25,0.861,1.6,67.7,1157,855,12,315,57,1571,1.13,35.2,numbeo
2011,Orlando,Florida,city_large,307000,2504,1828,30048,2872,34460,3701,7.25,0.872,3.2,67.4,1182,825,11,326,59,1538,1.19,32.9,numbeo
2012,Orlando,Florida,city_large,307000,2446,1786,29352,2896,34750,3769,7.25,0.845,2.1,67.4,1146,902,12,342,58,1652,1.08,36.9,numbeo
2013,Orlando,Florida,city_large,307000,2548,1860,30576,2923,35080,3870,7.25,0.872,1.5,68.2,1175,912,12,337,61,1662,1.12,35.8,numbeo
2014,Orlando,Florida,city_large,307000,2606,1902,31272,2962,35540,3936,7.25,0.88,1.6,68.2,1158,886,12,351,58,1648,1.15,34.0,numbeo
2015,Orlando,Florida,city_large,307000,2720,1986,32640,3017,36200,4027,7.25,0.902,0.1,67.6,1221,916,12,342,62,1673,1.19,33.7,numbeo
2016,Orlando,Florida,city_large,307000,2715,1982,32580,3087,37040,4136,7.25,0.879,1.3,69.1,1268,901,13,334,59,1669,1.19,33.2,numbeo
2017,Orlando,Florida,city_large,307000,2764,2018,33168,3141,37690,4218,7.25,0.88,2.1,68.6,1231,984,13,339,62,1762,1.15,35.6,numbeo
2018,Orlando,Florida,city_large,307000,2969,2167,35628,3220,38640,4330,7.25,0.922,2.4,68.2,1323,998,13,347,65,1790,1.21,33.6,numbeo
2019,Orlando,Florida,city_large,307000,2984,2178,35808,3318,39810,4458,7.25,0.899,1.8,69.8,1259,985,12,379,64,1790,1.22,33.0,numbeo
2020,Orlando,Florida,city_large,307000,3058,2232,36696,3496,41950,4692,7.25,0.875,1.2,68.8,1370,1026,14,362,64,1856,1.2,33.6,numbeo
2021,Orlando,Florida,city_large,307000,3357,2451,40284,3813,45760,4855,7.25,0.88,4.7,70.2,1351,1019,14,396,69,1894,1.29,30.4,numbeo
2022,Orlando,Florida,city_large,307000,3543,2586,42516,3859,46310,5158,7.25,0.918,8.0,68.9,1529,1098,15,427,72,2037,1.27,31.0,numbeo
2023,Orlando,Florida,city_large,307000,3612,2637,43344,4005,48060,5456,7.25,0.902,4.1,70.6,1544,1144,15,424,80,2094,1.26,31.7,numbeo
2024,Orlando,Florida,city_large,307000,3850,2810,46200,4167,50000,5660,7.25,0.924,2.9,70.0,1534,1182,16,432,77,2161,1.3,30.7,numbeo
2010,Fort Lauderdale,Florida,city_medium,182000,2701,1972,32412,2820,33840,3622,7.25,0.958,1.6,55.7,794,647,10,274,45,1270,1.55,24.0,bls_modeled
2011,Fort Lauderdale,Florida,city_medium,182000,2840,2073,34080,2872,34460,3701,7.25,0.989,3.2,55.9,825,673,10,275,45,1301,1.59,23.7,bls_modeled
2012,Fort Lauderdale,Florida,city_medium,182000,2809,2051,33708,2896,34750,3769,7.25,0.97,2.1,55.5,865,718,10,293,46,1367,1.5,25.6,bls_modeled
2013,Fort Lauderdale,Florida,city_medium,182000,2802,2045,33624,2923,35080,3870,7.25,0.959,1.5,57.2,929,697,11,296,47,1372,1.49,24.9,bls_modeled
2014,Fort Lauderdale,Florida,city_medium,182000,2878,2101,34536,2962,35540,3936,7.25,0.972,1.6,57.2,951,697,11,296,49,1375,1.53,24.2,bls_modeled
2015,Fort Lauderdale,Florida,city_medium,182000,2886,2107,34632,3017,36200,4027,7.25,0.957,0.1,57.7,901,692,10,292,50,1347,1.56,24.0,bls_modeled
2016,Fort Lauderdale,Florida,city_medium,182000,3034,2215,36408,3087,37040,4136,7.25,0.983,1.3,56.8,939,728,11,303,48,1414,1.57,24.0,bls_modeled
2017,Fort Lauderdale,Florida,city_medium,182000,3127,2283,37524,3141,37690,4218,7.25,0.996,2.1,57.4,975,728,11,297,50,1412,1.62,23.3,bls_modeled
2018,Fort Lauderdale,Florida,city_medium,182000,3116,2275,37392,3220,38640,4330,7.25,0.968,2.4,58.1,977,729,11,306,53,1428,1.59,23.4,bls_modeled
2019,Fort Lauderdale,Florida,city_medium,182000,3232,2359,38784,3318,39810,4458,7.25,0.974,1.8,57.6,1001,813,12,318,53,1546,1.53,25.2,bls_modeled
2020,Fort Lauderdale,Florida,city_medium,182000,3594,2624,43128,3496,41950,4692,7.25,1.028,1.2,57.8,1031,797,12,319,52,1532,1.71,22.2,bls_modeled
2021,Fort Lauderdale,Florida,city_medium,182000,3810,2781,45720,3813,45760,4855,7.25,0.999,4.7,57.8,1084,842,12,326,56,1594,1.74,22.1,bls_modeled
2022,Fort Lauderdale,Florida,city_medium,182000,3940,2876,47280,3859,46310,5158,7.25,1.021,8.0,57.8,1106,931,12,354,63,1728,1.66,23.6,bls_modeled
2023,Fort Lauderdale,Florida,city_medium,182000,4186,3056,50232,4005,48060,5456,7.25,1.045,4.1,59.0,1205,961,14,365,64,1816,1.68,23.0,bls_modeled
2024,Fort Lauderdale,Florida,city_medium,182000,4225,3084,50700,4167,50000,5660,7.25,1.014,2.9,59.2,1178,932,14,393,66,1821,1.69,22.1,bls_modeled
2010,St. Petersburg,Florida,city_medium,258000,2754,2010,33048,2820,33840,3622,7.25,0.977,1.6,55.5,817,650,10,272,46,1272,1.58,23.6,bls_modeled
2011,St. Petersburg,Florida,city_medium,258000,2804,2047,33648,2872,34460,3701,7.25,0.976,3.2,55.9,860,707,10,282,48,1345,1.52,25.2,bls_modeled
2012,St. Petersburg,Florida,city_medium,258000,2784,2032,33408,2896,34750,3769,7.25,0.961,2.1,57.0,856,708,10,295,47,1360,1.49,25.4,bls_modeled
2013,St. Petersburg,Florida,city_medium,258000,2858,2086,34296,2923,35080,3870,7.25,0.978,1.5,57.1,878,684,10,292,47,1335,1.56,23.9,bls_modeled
2014,St. Petersburg,Florida,city_medium,258000,2892,2111,34704,2962,35540,3936,7.25,0.976,1.6,57.0,918,742,10,304,48,1407,1.5,25.7,bls_modeled
2015,St. Petersburg,Florida,city_medium,258000,3004,2193,36048,3017,36200,4027,7.25,0.996,0.1,56.8,950,720,11,294,51,1398,1.57,24.0,bls_modeled
2016,St. Petersburg,Florida,city_medium,258000,3031,2213,36372,3087,37040,4136,7.25,0.982,1.3,56.9,885,750,10,299,51,1415,1.56,24.7,bls_modeled
2017,St. Petersburg,Florida,city_medium,258000,3041,2220,36492,3141,37690,4218,7.25,0.968,2.1,58.2,975,733,11,310,50,1430,1.55,24.1,bls_modeled
2018,St. Petersburg,Florida,city_medium,258000,3288,2400,39456,3220,38640,4330,7.25,1.021,2.4,57.1,989,788,11,320,51,1499,1.6,24.0,bls_modeled
2019,St. Petersburg,Florida,city_medium,258000,3219,2350,38628,3318,39810,4458,7.25,0.97,1.8,57.4,987,791,12,311,51,1515,1.55,24.6,bls_modeled
2020,St. Petersburg,Florida,city_medium,258000,3511,2563,42132,3496,41950,4692,7.25,1.004,1.2,58.7,969,802,12,334,54,1554,1.65,22.8,bls_modeled
2021,St. Petersburg,Florida,city_medium,258000,3917,2859,47004,3813,45760,4855,7.25,1.027,4.7,57.8,992,847,12,335,56,1608,1.78,21.6,bls_modeled
2022,St. Petersburg,Florida,city_medium,258000,4009,2927,48108,3859,46310,5158,7.25,1.039,8.0,59.4,1077,912,14,366,58,1756,1.67,22.7,bls_modeled
2023,St. Petersburg,Florida,city_medium,258000,4213,3075,50556,4005,48060,5456,7.25,1.052,4.1,59.3,1212,936,13,385,61,1788,1.72,22.2,bls_modeled
2024,St. Petersburg,Florida,city_medium,258000,4251,3103,51012,4167,50000,5660,7.25,1.02,2.9,58.5,1172,952,14,377,63,1822,1.7,22.4,bls_modeled
2010,Nashville,Tennessee,city_large,678000,2802,2045,33624,2820,33840,3622,7.25,0.994,1.6,73.2,1115,801,12,312,57,1514,1.35,28.6,numbeo
2011,Nashville,Tennessee,city_large,678000,2837,2071,34044,2872,34460,3701,7.25,0.988,3.2,72.8,1143,854,12,334,56,1592,1.3,30.1,numbeo
2012,Nashville,Tennessee,city_large,678000,2916,2129,34992,2896,34750,3769,7.25,1.007,2.1,72.7,1130,836,11,339,60,1565,1.36,28.7,numbeo
2013,Nashville,Tennessee,city_large,678000,2834,2069,34008,2923,35080,3870,7.25,0.97,1.5,73.6,1190,879,11,347,61,1619,1.28,31.0,numbeo
2014,Nashville,Tennessee,city_large,678000,3005,2194,36060,2962,35540,3936,7.25,1.015,1.6,74.6,1182,870,13,353,62,1658,1.32,29.0,numbeo
2015,Nashville,Tennessee,city_large,678000,2991,2183,35892,3017,36200,4027,7.25,0.991,0.1,73.9,1223,946,12,328,63,1690,1.29,31.6,numbeo
2016,Nashville,Tennessee,city_large,678000,3133,2287,37596,3087,37040,4136,7.25,1.015,1.3,75.0,1254,903,13,337,61,1676,1.36,28.8,numbeo
2017,Nashville,Tennessee,city_large,678000,3153,2302,37836,3141,37690,4218,7.25,1.004,2.1,74.6,1250,951,13,359,62,1749,1.32,30.2,numbeo
2018,Nashville,Tennessee,city_large,678000,3146,2297,37752,3220,38640,4330,7.25,0.977,2.4,75.4,1298,974,13,353,67,1774,1.29,31.0,numbeo
2019,Nashville,Tennessee,city_large,678000,3302,2410,39624,3318,39810,4458,7.25,0.995,1.8,74.1,1333,955,13,376,63,1776,1.36,28.9,numbeo
2020,Nashville,Tennessee,city_large,678000,3490,2548,41880,3496,41950,4692,7.25,0.998,1.2,74.9,1317,961,13,375,68,1788,1.43,27.5,numbeo
2021,Nashville,Tennessee,city_large,678000,3867,2823,46404,3813,45760,4855,7.25,1.014,4.7,75.9,1450,1041,14,391,69,1911,1.48,26.9,numbeo
2022,Nashville,Tennessee,city_large,678000,3736,2727,44832,3859,46310,5158,7.25,0.968,8.0,75.2,1566,1075,16,415,75,2025,1.35,28.8,numbeo
2023,Nashville,Tennessee,city_large,678000,4068,2970,48816,4005,48060,5456,7.25,1.016,4.1,75.2,1486,1113,15,440,77,2076,1.43,27.4,numbeo
2024,Nashville,Tennessee,city_large,678000,4101,2994,49212,4167,50000,5660,7.25,0.984,2.9,75.7,1653,1164,16,434,79,2147,1.39,28.4,numbeo
2010,Memphis,Tennessee,city_large,633000,2228,1626,26736,2820,33840,3622,7.25,0.79,1.6,56.2,1078,863,11,305,57,1549,1.05,38.7,numbeo
2011,Memphis,Tennessee,city_large,633000,2300,1679,27600,2872,34460,3701,7.25,0.801,3.2,55.5,1200,819,11,314,57,1518,1.11,35.6,numbeo
2012,Memphis,Tennessee,city_large,633000,2293,1674,27516,2896,34750,3769,7.25,0.792,2.1,56.3,1121,847,12,334,57,1588,1.05,36.9,numbeo
2013,Memphis,Tennessee,city_large,633000,2442,1783,29304,2923,35080,3870,7.25,0.835,1.5,56.4,1213,849,12,322,60,1583,1.13,34.8,numbeo
2014,Memphis,Tennessee,city_large,633000,2352,1717,28224,2962,35540,3936,7.25,0.794,1.6,55.7,1210,879,12,341,63,1636,1.05,37.4,numbeo
2015,Memphis,Tennessee,city_large,633000,2506,1829,30072,3017,36200,4027,7.25,0.831,0.1,56.2,1213,905,12,336,61,1655,1.11,36.1,numbeo
2016,Memphis,Tennessee,city_large,633000,2506,1829,30072,3087,37040,4136,7.25,0.812,1.3,57.3,1233,954,12,347,59,1715,1.07,38.1,numbeo
2017,Memphis,Tennessee,city_large,633000,2506,1829,30072,3141,37690,4218,7.25,0.798,2.1,57.0,1309,902,13,359,64,1702,1.07,36.0,numbeo
2018,Memphis,Tennessee,city_large,633000,2670,1949,32040,3220,38640,4330,7.25,0.829,2.4,57.2,1327,919,13,357,65,1721,1.13,34.4,numbeo
2019,Memphis,Tennessee,city_large,633000,2810,2051,33720,3318,39810,4458,7.25,0.847,1.8,57.4,1242,1025,13,382,68,1857,1.1,36.5,numbeo
2020,Memphis,Tennessee,city_large,633000,2872,2097,34464,3496,41950,4692,7.25,0.822,1.2,57.2,1280,1031,13,377,66,1858,1.13,35.9,numbeo
2021,Memphis,Tennessee,city_large,633000,3086,2253,37032,3813,45760,4855,7.25,0.809,4.7,57.0,1433,1049,14,377,70,1906,1.18,34.0,numbeo
2022,Memphis,Tennessee,city_large,633000,3148,2298,37776,3859,46310,5158,7.25,0.816,8.0,57.6,1435,1109,15,412,74,2035,1.13,35.2,numbeo
2023,Memphis,Tennessee,city_large,633000,3245,2369,38940,4005,48060,5456,7.25,0.81,4.1,58.0,1555,1187,16,442,78,2173,1.09,36.6,numbeo
2024,Memphis,Tennessee,city_large,633000,3495,2551,41940,4167,50000,5660,7.25,0.839,2.9,58.5,1587,1172,16,459,81,2182,1.17,33.5,numbeo
2010,Knoxville,Tennessee,city_medium,190000,2511,1833,30132,2820,33840,3622,7.25,0.89,1.6,54.6,829,630,10,268,44,1246,1.47,25.1,bls_modeled
2011,Knoxville,Tennessee,city_medium,190000,2564,1872,30768,2872,34460,3701,7.25,0.893,3.2,55.0,865,708,10,284,45,1345,1.39,27.6,bls_modeled
2012,Knoxville,Tennessee,city_medium,190000,2624,1916,31488,2896,34750,3769,7.25,0.906,2.1,54.8,859,715,10,276,49,1350,1.42,27.2,bls_modeled
2013,Knoxville,Tennessee,city_medium,190000,2580,1883,30960,2923,35080,3870,7.25,0.883,1.5,56.0,890,727,11,297,47,1403,1.34,28.2,bls_modeled
2014,Knoxville,Tennessee,city_medium,190000,2771,2023,33252,2962,35540,3936,7.25,0.936,1.6,55.4,944,745,11,293,48,1419,1.43,26.9,bls_modeled
2015,Knoxville,Tennessee,city_medium,190000,2819,2058,33828,3017,36200,4027,7.25,0.934,0.1,55.5,937,719,11,293,49,1394,1.48,25.5,bls_modeled
2016,Knoxville,Tennessee,city_medium,190000,2783,2032,33396,3087,37040,4136,7.25,0.902,1.3,56.0,942,751,11,288,50,1424,1.43,27.0,bls_modeled
2017,Knoxville,Tennessee,city_medium,190000,2811,2052,33732,3141,37690,4218,7.25,0.895,2.1,56.7,942,759,10,299,52,1427,1.44,27.0,bls_modeled
2018,Knoxville,Tennessee,city_medium,190000,3016,2202,36192,3220,38640,4330,7.25,0.937,2.4,56.4,937,777,11,306,50,1473,1.49,25.8,bls_modeled
2019,Knoxville,Tennessee,city_medium,190000,3109,2270,37308,3318,39810,4458,7.25,0.937,1.8,56.2,1019,775,11,305,53,1475,1.54,24.9,bls_modeled
2020,Knoxville,Tennessee,city_medium,190000,3344,2441,40128,3496,41950,4692,7.25,0.957,1.2,55.9,956,804,12,327,54,1549,1.58,24.0,bls_modeled
2021,Knoxville,Tennessee,city_medium,190000,3618,2641,43416,3813,45760,4855,7.25,0.949,4.7,57.4,1086,804,12,332,55,1561,1.69,22.2,bls_modeled
2022,Knoxville,Tennessee,city_medium,190000,3499,2554,41988,3859,46310,5158,7.25,0.907,8.0,56.4,1168,844,12,368,63,1655,1.54,24.1,bls_modeled
2023,Knoxville,Tennessee,city_medium,190000,3752,2739,45024,4005,48060,5456,7.25,0.937,4.1,58.0,1154,931,14,381,62,1800,1.52,24.8,bls_modeled
2024,Knoxville,Tennessee,city_medium,190000,4043,2951,48516,4167,50000,5660,7.25,0.97,2.9,57.1,1220,927,14,400,63,1820,1.62,22.9,bls_modeled
2010,Louisville,Kentucky,city_large,633000,2382,1739,28584,2820,33840,3622,7.25,0.845,1.6,59.0,1125,811,11,320,54,1509,1.15,34.0,numbeo
2011,Louisville,Kentucky,city_large,633000,2503,1827,30036,2872,34460,3701,7.25,0.872,3.2,59.0,1155,850,11,335,59,1572,1.16,34.0,numbeo
2012,Louisville,Kentucky,city_large,633000,2540,1854,30480,2896,34750,3769,7.25,0.877,2.1,59.1,1182,836,12,319,58,1563,1.19,32.9,numbeo
2013,Louisville,Kentucky,city_large,633000,2505,1829,30060,2923,35080,3870,7.25,0.857,1.5,59.8,1162,875,12,332,60,1619,1.13,34.9,numbeo
2014,Louisville,Kentucky,city_large,633000,2638,1926,31656,2962,35540,3936,7.25,0.891,1.6,60.4,1173,933,12,351,60,1697,1.13,35.4,numbeo
2015,Louisville,Kentucky,city_large,633000,2686,1961,32232,3017,36200,4027,7.25,0.89,0.1,60.0,1199,916,12,343,63,1675,1.17,34.1,numbeo
2016,Louisville,Kentucky,city_large,633000,2658,1940,31896,3087,37040,4136,7.25,0.861,1.3,60.7,1244,932,12,348,59,1694,1.15,35.1,numbeo
2017,Louisville,Kentucky,city_large,633000,2806,2048,33672,3141,37690,4218,7.25,0.893,2.1,60.4,1291,956,12,347,65,1725,1.19,34.1,numbeo
2018,Louisville,Kentucky,city_large,633000,2891,2110,34692,3220,38640,4330,7.25,0.898,2.4,61.2,1267,983,13,346,65,1774,1.19,34.0,numbeo
2019,Louisville,Kentucky,city_large,633000,2973,2170,35676,3318,39810,4458,7.25,0.896,1.8,61.5,1351,1022,14,374,65,1863,1.16,34.4,numbeo
2020,Louisville,Kentucky,city_large,633000,3185,2325,38220,3496,41950,4692,7.25,0.911,1.2,61.5,1277,941,14,371,66,1782,1.3,29.5,numbeo
2021,Louisville,Kentucky,city_large,633000,3307,2414,39684,3813,45760,4855,7.25,0.867,4.7,60.8,1331,1035,14,389,67,1901,1.27,31.3,numbeo
2022,Louisville,Kentucky,city_large,633000,3388,2473,40656,3859,46310,5158,7.25,0.878,8.0,61.7,1439,1087,16,421,74,2042,1.21,32.1,numbeo
2023,Louisville,Kentucky,city_large,633000,3514,2565,42168,4005,48060,5456,7.25,0.877,4.1,62.1,1553,1157,15,434,78,2115,1.21,32.9,numbeo
2024,Louisville,Kentucky,city_large,633000,3719,2715,44628,4167,50000,5660,7.25,0.892,2.9,62.8,1600,1237,16,467,78,2252,1.21,33.3,numbeo
2010,Birmingham,Alabama,city_large,212000,2315,1690,27780,2820,33840,3622,7.25,0.821,1.6,55.6,1118,861,11,304,55,1544,1.09,37.2,numbeo
2011,Birmingham,Alabama,city_large,212000,2340,1708,28080,2872,34460,3701,7.25,0.815,3.2,56.0,1104,866,12,327,57,1598,1.07,37.0,numbeo
2012,Birmingham,Alabama,city_large,212000,2343,1710,28116,2896,34750,3769,7.25,0.809,2.1,56.6,1178,889,12,317,60,1616,1.06,37.9,numbeo
2013,Birmingham,Alabama,city_large,212000,2331,1702,27972,2923,35080,3870,7.25,0.797,1.5,55.7,1247,898,12,348,61,1659,1.03,38.5,numbeo
2014,Birmingham,Alabama,city_large,212000,2326,1698,27912,2962,35540,3936,7.25,0.785,1.6,56.9,1203,949,12,327,62,1691,1.0,40.8,numbeo
2015,Birmingham,Alabama,city_large,212000,2476,1807,29712,3017,36200,4027,7.25,0.821,0.1,56.8,1165,888,12,327,62,1630,1.11,35.9,numbeo
2016,Birmingham,Alabama,city_large,212000,2463,1798,29556,3087,37040,4136,7.25,0.798,1.3,56.6,1286,938,12,350,60,1703,1.06,38.1,numbeo
2017,Birmingham,Alabama,city_large,212000,2532,1848,30384,3141,37690,4218,7.25,0.806,2.1,56.0,1309,974,13,363,62,1776,1.04,38.5,numbeo
2018,Birmingham,Alabama,city_large,212000,2676,1953,32112,3220,38640,4330,7.25,0.831,2.4,56.7,1277,953,12,373,64,1750,1.12,35.6,numbeo
2019,Birmingham,Alabama,city_large,212000,2834,2069,34008,3318,39810,4458,7.25,0.854,1.8,56.6,1300,936,13,362,65,1745,1.19,33.0,numbeo
2020,Birmingham,Alabama,city_large,212000,2972,2170,35664,3496,41950,4692,7.25,0.85,1.2,56.9,1351,959,13,382,65,1790,1.21,32.3,numbeo
2021,Birmingham,Alabama,city_large,212000,3167,2312,38004,3813,45760,4855,7.25,0.831,4.7,57.4,1400,1034,14,382,68,1894,1.22,32.6,numbeo
2022,Birmingham,Alabama,city_large,212000,3258,2378,39096,3859,46310,5158,7.25,0.844,8.0,57.5,1465,1112,14,436,76,2044,1.16,34.1,numbeo
2023,Birmingham,Alabama,city_large,212000,3437,2509,41244,4005,48060,5456,7.25,0.858,4.1,57.9,1546,1206,15,453,80,2185,1.15,35.1,numbeo
2024,Birmingham,Alabama,city_large,212000,3573,2608,42876,4167,50000,5660,7.25,0.857,2.9,58.3,1649,1164,15,444,81,2139,1.22,32.6,numbeo
2010,Huntsville,Alabama,city_medium,216000,2436,1778,29232,2820,33840,3622,7.25,0.864,1.6,53.2,844,632,10,266,45,1247,1.43,25.9,bls_modeled
2011,Huntsville,Alabama,city_medium,216000,2485,1814,29820,2872,34460,3701,7.25,0.865,3.2,53.8,831,657,10,275,48,1288,1.41,26.4,bls_modeled
2012,Huntsville,Alabama,city_medium,216000,2517,1837,30204,2896,34750,3769,7.25,0.869,2.1,54.8,918,718,10,288,48,1364,1.35,28.5,bls_modeled
2013,Huntsville,Alabama,city_medium,216000,2616,1910,31392,2923,35080,3870,7.25,0.895,1.5,54.7,902,679,10,298,50,1339,1.43,26.0,bls_modeled
2014,Huntsville,Alabama,city_medium,216000,2560,1869,30720,2962,35540,3936,7.25,0.864,1.6,55.2,909,738,11,285,48,1404,1.33,28.8,bls_modeled
2015,Huntsville,Alabama,city_medium,216000,2597,1896,31164,3017,36200,4027,7.25,0.861,0.1,54.8,877,711,11,304,48,1396,1.36,27.4,bls_modeled
2016,Huntsville,Alabama,city_medium,216000,2704,1974,32448,3087,37040,4136,7.25,0.876,1.3,55.1,965,712,11,289,50,1386,1.42,26.3,bls_modeled
2017,Huntsville,Alabama,city_medium,216000,2729,1992,32748,3141,37690,4218,7.25,0.869,2.1,54.5,906,729,11,302,53,1421,1.4,26.7,bls_modeled
2018,Huntsville,Alabama,city_medium,216000,2869,2094,34428,3220,38640,4330,7.25,0.891,2.4,55.8,946,746,11,322,52,1460,1.43,26.0,bls_modeled
2019,Huntsville,Alabama,city_medium,216000,2996,2187,35952,3318,39810,4458,7.25,0.903,1.8,56.2,1019,776,11,310,52,1480,1.48,25.9,bls_modeled
2020,Huntsville,Alabama,city_medium,216000,3005,2194,36060,3496,41950,4692,7.25,0.86,1.2,56.1,958,817,12,311,53,1545,1.42,27.2,bls_modeled
2021,Huntsville,Alabama,city_medium,216000,3388,2473,40656,3813,45760,4855,7.25,0.889,4.7,56.6,1014,802,12,339,58,1569,1.58,23.7,bls_modeled
2022,Huntsville,Alabama,city_medium,216000,3456,2523,41472,3859,46310,5158,7.25,0.896,8.0,56.7,1120,852,14,372,60,1704,1.48,24.7,bls_modeled
2023,Huntsville,Alabama,city_medium,216000,3515,2566,42180,4005,48060,5456,7.25,0.878,4.1,56.8,1131,949,14,393,64,1832,1.4,27.0,bls_modeled
2024,Huntsville,Alabama,city_medium,216000,3716,2713,44592,4167,50000,5660,7.25,0.892,2.9,56.2,1179,940,14,404,67,1841,1.47,25.3,bls_modeled
2010,New Orleans,Louisiana,city_large,383000,2536,1851,30432,2820,33840,3622,7.25,0.899,1.6,65.5,1100,821,11,309,57,1511,1.23,32.4,numbeo
2011,New Orleans,Louisiana,city_large,383000,2602,1899,31224,2872,34460,3701,7.25,0.906,3.2,65.6,1201,890,12,321,55,1614,1.18,34.2,numbeo
2012,New Orleans,Louisiana,city_large,383000,2643,1929,31716,2896,34750,3769,7.25,0.913,2.1,64.9,1225,840,12,336,57,1583,1.22,31.8,numbeo
2013,New Orleans,Louisiana,city_large,383000,2527,1845,30324,2923,35080,3870,7.25,0.865,1.5,65.1,1249,891,11,334,58,1615,1.14,35.3,numbeo
2014,New Orleans,Louisiana,city_large,383000,2617,1910,31404,2962,35540,3936,7.25,0.884,1.6,65.4,1246,923,13,344,60,1700,1.12,35.3,numbeo
2015,New Orleans,Louisiana,city_large,383000,2623,1915,31476,3017,36200,4027,7.25,0.869,0.1,66.0,1199,876,12,333,59,1621,1.18,33.4,numbeo
2016,New Orleans,Louisiana,city_large,383000,2773,2024,33276,3087,37040,4136,7.25,0.898,1.3,66.6,1241,908,13,346,62,1691,1.2,32.7,numbeo
2017,New Orleans,Louisiana,city_large,383000,2890,2110,34680,3141,37690,4218,7.25,0.92,2.1,66.6,1197,930,12,363,65,1715,1.23,32.2,numbeo
2018,New Orleans,Louisiana,city_large,383000,2941,2147,35292,3220,38640,4330,7.25,0.913,2.4,67.0,1334,987,12,349,62,1758,1.22,33.6,numbeo
2019,New Orleans,Louisiana,city_large,383000,3052,2228,36624,3318,39810,4458,7.25,0.92,1.8,66.7,1255,957,13,363,66,1768,1.26,31.4,numbeo
2020,New Orleans,Louisiana,city_large,383000,3256,2377,39072,3496,41950,4692,7.25,0.931,1.2,66.7,1376,982,13,359,65,1790,1.33,30.2,numbeo
2021,New Orleans,Louisiana,city_large,383000,3389,2474,40668,3813,45760,4855,7.25,0.889,4.7,67.4,1433,1022,14,397,68,1897,1.3,30.2,numbeo
2022,New Orleans,Louisiana,city_large,383000,3437,2509,41244,3859,46310,5158,7.25,0.891,8.0,67.9,1558,1143,16,427,75,2105,1.19,33.3,numbeo
2023,New Orleans,Louisiana,city_large,383000,3727,2721,44724,4005,48060,5456,7.25,0.931,4.1,67.6,1504,1126,16,425,75,2092,1.3,30.2,numbeo
2024,New Orleans,Louisiana,city_large,383000,3672,2681,44064,4167,50000,5660,7.25,0.881,2.9,67.6,1600,1167,16,437,79,2153,1.25,31.8,numbeo
2010,Baton Rouge,Louisiana,city_medium,227000,2405,1756,28860,2820,33840,3622,7.25,0.853,1.6,53.2,842,630,9,274,45,1233,1.42,26.2,bls_modeled
2011,Baton Rouge,Louisiana,city_medium,227000,2450,1788,29400,2872,34460,3701,7.25,0.853,3.2,53.7,831,701,10,282,46,1337,1.34,28.6,bls_modeled
2012,Baton Rouge,Louisiana,city_medium,227000,2520,1840,30240,2896,34750,3769,7.25,0.87,2.1,54.5,854,694,10,287,47,1338,1.38,27.5,bls_modeled
2013,Baton Rouge,Louisiana,city_medium,227000,2534,1850,30408,2923,35080,3870,7.25,0.867,1.5,55.3,885,680,10,289,47,1328,1.39,26.8,bls_modeled
2014,Baton Rouge,Louisiana,city_medium,227000,2571,1877,30852,2962,35540,3936,7.25,0.868,1.6,54.8,899,750,11,287,49,1419,1.32,29.2,bls_modeled
2015,Baton Rouge,Louisiana,city_medium,227000,2663,1944,31956,3017,36200,4027,7.25,0.883,0.1,55.7,924,712,10,298,49,1372,1.42,26.7,bls_modeled
2016,Baton Rouge,Louisiana,city_medium,227000,2667,1947,32004,3087,37040,4136,7.25,0.864,1.3,54.5,888,742,11,302,52,1431,1.36,27.8,bls_modeled
2017,Baton Rouge,Louisiana,city_medium,227000,2856,2085,34272,3141,37690,4218,7.25,0.909,2.1,56.1,960,748,11,295,52,1432,1.46,26.2,bls_modeled
2018,Baton Rouge,Louisiana,city_medium,227000,2821,2059,33852,3220,38640,4330,7.25,0.876,2.4,56.0,948,774,12,318,53,1505,1.37,27.4,bls_modeled
2019,Baton Rouge,Louisiana,city_medium,227000,2853,2083,34236,3318,39810,4458,7.25,0.86,1.8,56.5,969,778,11,306,52,1478,1.41,27.3,bls_modeled
2020,Baton Rouge,Louisiana,city_medium,227000,3215,2347,38580,3496,41950,4692,7.25,0.92,1.2,55.6,962,760,12,331,55,1510,1.55,23.6,bls_modeled
2021,Baton Rouge,Louisiana,city_medium,227000,3319,2423,39828,3813,45760,4855,7.25,0.87,4.7,56.8,1009,848,12,330,54,1602,1.51,25.5,bls_modeled
2022,Baton Rouge,Louisiana,city_medium,227000,3461,2527,41532,3859,46310,5158,7.25,0.897,8.0,56.2,1069,847,13,373,61,1681,1.5,24.5,bls_modeled
2023,Baton Rouge,Louisiana,city_medium,227000,3500,2555,42000,4005,48060,5456,7.25,0.874,4.1,57.1,1142,893,14,377,61,1757,1.45,25.5,bls_modeled
2024,Baton Rouge,Louisiana,city_medium,227000,3655,2668,43860,4167,50000,5660,7.25,0.877,2.9,56.6,1193,980,13,375,67,1832,1.46,26.8,bls_modeled
2010,Chicago,Illinois,city_large,2696000,3215,2347,38580,2820,33840,3622,7.25,1.14,1.6,78.2,1072,827,11,314,54,1519,1.55,25.7,numbeo
2011,Chicago,Illinois,city_large,2696000,3195,2332,38340,2872,34460,3701,7.25,1.112,3.2,78.5,1098,885,11,335,56,1604,1.45,27.7,numbeo
2012,Chicago,Illinois,city_large,2696000,3285,2398,39420,2896,34750,3769,7.25,1.134,2.1,79.2,1165,844,11,342,57,1573,1.52,25.7,numbeo
2013,Chicago,Illinois,city_large,2696000,3310,2416,39720,2923,35080,3870,7.25,1.132,1.5,78.8,1226,874,12,341,57,1624,1.49,26.4,numbeo
2014,Chicago,Illinois,city_large,2696000,3237,2363,38844,2962,35540,3936,7.25,1.093,1.6,80.1,1152,923,13,346,63,1705,1.39,28.5,numbeo
2015,Chicago,Illinois,city_large,2696000,3468,2532,41616,3017,36200,4027,7.25,1.149,0.1,79.8,1229,879,12,353,60,1645,1.54,25.3,numbeo
2016,Chicago,Illinois,city_large,2696000,3474,2536,41688,3087,37040,4136,7.25,1.125,1.3,79.8,1240,890,13,340,63,1668,1.52,25.6,numbeo
2017,Chicago,Illinois,city_large,2696000,3644,2660,43728,3141,37690,4218,7.25,1.16,2.1,80.0,1216,913,12,343,61,1674,1.59,25.1,numbeo
2018,Chicago,Illinois,city_large,2696000,3761,2746,45132,3220,38640,4330,7.25,1.168,2.4,80.0,1227,925,13,369,63,1737,1.58,24.6,numbeo
2019,Chicago,Illinois,city_large,2696000,3804,2777,45648,3318,39810,4458,7.25,1.146,1.8,81.2,1258,972,13,372,63,1789,1.55,25.6,numbeo
2020,Chicago,Illinois,city_large,2696000,4044,2952,48528,3496,41950,4692,7.25,1.157,1.2,81.2,1283,979,14,360,66,1809,1.63,24.2,numbeo
2021,Chicago,Illinois,city_large,2696000,4239,3094,50868,3813,45760,4855,7.25,1.112,4.7,81.6,1344,1054,14,394,70,1928,1.6,24.9,numbeo
2022,Chicago,Illinois,city_large,2696000,4391,3205,52692,3859,46310,5158,7.25,1.138,8.0,81.7,1459,1072,16,432,72,2036,1.57,24.4,numbeo
2023,Chicago,Illinois,city_large,2696000,4708,3437,56496,4005,48060,5456,7.25,1.176,4.1,81.7,1502,1159,16,433,78,2136,1.61,24.6,numbeo
2024,Chicago,Illinois,city_large,2696000,4773,3484,57276,4167,50000,5660,7.25,1.145,2.9,82.1,1521,1153,16,464,80,2167,1.61,24.2,numbeo
2010,Aurora,Illinois,city_medium,180000,3093,2258,37116,2820,33840,3622,7.25,1.097,1.6,57.6,798,670,10,271,46,1291,1.75,21.7,bls_modeled
2011,Aurora,Illinois,city_medium,180000,3127,2283,37524,2872,34460,3701,7.25,1.089,3.2,58.2,846,679,10,272,47,1306,1.75,21.7,bls_modeled
2012,Aurora,Illinois,city_medium,180000,3247,2370,38964,2896,34750,3769,7.25,1.121,2.1,58.5,900,686,10,286,47,1329,1.78,21.1,bls_modeled
2013,Aurora,Illinois,city_medium,180000,3301,2410,39612,2923,35080,3870,7.25,1.129,1.5,59.3,885,699,10,296,48,1355,1.78,21.2,bls_modeled
2014,Aurora,Illinois,city_medium,180000,3313,2418,39756,2962,35540,3936,7.25,1.119,1.6,59.0,919,734,10,288,48,1383,1.75,22.2,bls_modeled
2015,Aurora,Illinois,city_medium,180000,3307,2414,39684,3017,36200,4027,7.25,1.096,0.1,58.7,889,702,11,303,50,1388,1.74,21.2,bls_modeled
2016,Aurora,Illinois,city_medium,180000,3474,2536,41688,3087,37040,4136,7.25,1.125,1.3,60.3,907,730,10,294,49,1388,1.83,21.0,bls_modeled
2017,Aurora,Illinois,city_medium,180000,3602,2629,43224,3141,37690,4218,7.25,1.147,2.1,60.5,927,734,11,299,51,1421,1.85,20.4,bls_modeled
2018,Aurora,Illinois,city_medium,180000,3520,2570,42240,3220,38640,4330,7.25,1.093,2.4,60.8,935,743,11,314,53,1450,1.77,21.1,bls_modeled
2019,Aurora,Illinois,city_medium,180000,3802,2775,45624,3318,39810,4458,7.25,1.146,1.8,60.2,955,802,11,319,53,1516,1.83,21.1,bls_modeled
2020,Aurora,Illinois,city_medium,180000,3980,2905,47760,3496,41950,4692,7.25,1.138,1.2,60.2,957,817,12,325,55,1561,1.86,20.5,bls_modeled
2021,Aurora,Illinois,city_medium,180000,4228,3086,50736,3813,45760,4855,7.25,1.109,4.7,61.5,1028,850,12,327,57,1604,1.92,20.1,bls_modeled
2022,Aurora,Illinois,city_medium,180000,4440,3241,53280,3859,46310,5158,7.25,1.151,8.0,60.9,1079,844,13,373,63,1680,1.93,19.0,bls_modeled
2023,Aurora,Illinois,city_medium,180000,4637,3385,55644,4005,48060,5456,7.25,1.158,4.1,61.2,1183,939,13,373,64,1782,1.9,20.3,bls_modeled
2024,Aurora,Illinois,city_medium,180000,4870,3555,58440,4167,50000,5660,7.25,1.169,2.9,61.4,1190,905,15,375,66,1796,1.98,18.6,bls_modeled
2010,Rockford,Illinois,city_small,147000,2940,2146,35280,2820,33840,3622,7.25,1.043,1.6,51.8,663,525,8,244,31,1064,2.02,17.9,bls_modeled
2011,Rockford,Illinois,city_small,147000,3013,2199,36156,2872,34460,3701,7.25,1.049,3.2,50.6,667,568,9,257,33,1146,1.92,18.9,bls_modeled
2012,Rockford,Illinois,city_small,147000,2930,2139,35160,2896,34750,3769,7.25,1.012,2.1,52.1,676,585,9,257,32,1164,1.84,20.0,bls_modeled
2013,Rockford,Illinois,city_small,147000,2944,2149,35328,2923,35080,3870,7.25,1.007,1.5,51.2,736,576,8,265,32,1145,1.88,19.6,bls_modeled
2014,Rockford,Illinois,city_small,147000,2965,2164,35580,2962,35540,3936,7.25,1.001,1.6,51.6,713,600,9,254,34,1181,1.83,20.2,bls_modeled
2015,Rockford,Illinois,city_small,147000,3125,2281,37500,3017,36200,4027,7.25,1.036,0.1,52.2,693,603,9,266,33,1195,1.91,19.3,bls_modeled
2016,Rockford,Illinois,city_small,147000,3135,2289,37620,3087,37040,4136,7.25,1.016,1.3,51.8,745,591,9,259,35,1180,1.94,18.9,bls_modeled
2017,Rockford,Illinois,city_small,147000,3283,2397,39396,3141,37690,4218,7.25,1.045,2.1,53.0,738,570,10,274,36,1197,2.0,17.4,bls_modeled
2018,Rockford,Illinois,city_small,147000,3440,2511,41280,3220,38640,4330,7.25,1.068,2.4,53.1,796,581,10,286,35,1222,2.05,16.9,bls_modeled
2019,Rockford,Illinois,city_small,147000,3527,2575,42324,3318,39810,4458,7.25,1.063,1.8,53.3,781,644,9,291,36,1273,2.02,18.3,bls_modeled
2020,Rockford,Illinois,city_small,147000,3707,2706,44484,3496,41950,4692,7.25,1.06,1.2,52.4,786,658,10,279,38,1299,2.08,17.8,bls_modeled
2021,Rockford,Illinois,city_small,147000,3863,2820,46356,3813,45760,4855,7.25,1.013,4.7,52.8,829,635,10,303,38,1306,2.16,16.4,bls_modeled
2022,Rockford,Illinois,city_small,147000,4020,2935,48240,3859,46310,5158,7.25,1.042,8.0,52.7,844,684,11,325,42,1411,2.08,17.0,bls_modeled
2023,Rockford,Illinois,city_small,147000,4080,2978,48960,4005,48060,5456,7.25,1.019,4.1,54.2,887,741,11,339,42,1488,2.0,18.2,bls_modeled
2024,Rockford,Illinois,city_small,147000,4380,3197,52560,4167,50000,5660,7.25,1.051,2.9,53.2,983,768,12,357,44,1559,2.05,17.5,bls_modeled
2010,Detroit,Michigan,city_large,639000,2573,1878,30876,2820,33840,3622,7.25,0.912,1.6,57.7,1058,843,11,310,56,1533,1.23,32.8,numbeo
2011,Detroit,Michigan,city_large,639000,2569,1875,30828,2872,34460,3701,7.25,0.894,3.2,57.9,1181,865,12,321,58,1592,1.18,33.7,numbeo
2012,Detroit,Michigan,city_large,639000,2513,1834,30156,2896,34750,3769,7.25,0.868,2.1,58.2,1153,840,12,327,56,1573,1.17,33.4,numbeo
2013,Detroit,Michigan,city_large,639000,2527,1845,30324,2923,35080,3870,7.25,0.865,1.5,57.7,1186,935,12,331,59,1677,1.1,37.0,numbeo
2014,Detroit,Michigan,city_large,639000,2715,1982,32580,2962,35540,3936,7.25,0.917,1.6,58.1,1230,869,12,341,59,1622,1.22,32.0,numbeo
2015,Detroit,Michigan,city_large,639000,2722,1987,32664,3017,36200,4027,7.25,0.902,0.1,58.8,1160,943,12,340,59,1695,1.17,34.6,numbeo
2016,Detroit,Michigan,city_large,639000,2832,2067,33984,3087,37040,4136,7.25,0.917,1.3,58.6,1258,920,12,345,61,1681,1.23,32.5,numbeo
2017,Detroit,Michigan,city_large,639000,2762,2016,33144,3141,37690,4218,7.25,0.879,2.1,58.4,1269,979,13,340,61,1757,1.15,35.4,numbeo
2018,Detroit,Michigan,city_large,639000,2817,2056,33804,3220,38640,4330,7.25,0.875,2.4,58.4,1265,1004,13,365,62,1811,1.14,35.6,numbeo
2019,Detroit,Michigan,city_large,639000,2943,2148,35316,3318,39810,4458,7.25,0.887,1.8,58.5,1341,961,13,381,66,1790,1.2,32.7,numbeo
2020,Detroit,Michigan,city_large,639000,3089,2255,37068,3496,41950,4692,7.25,0.884,1.2,58.9,1316,980,14,376,65,1825,1.24,31.7,numbeo
2021,Detroit,Michigan,city_large,639000,3440,2511,41280,3813,45760,4855,7.25,0.902,4.7,59.8,1331,1007,14,389,70,1876,1.34,29.3,numbeo
2022,Detroit,Michigan,city_large,639000,3586,2618,43032,3859,46310,5158,7.25,0.929,8.0,59.3,1486,1077,15,410,74,2001,1.31,30.0,numbeo
2023,Detroit,Michigan,city_large,639000,3754,2740,45048,4005,48060,5456,7.25,0.937,4.1,60.5,1531,1157,16,441,76,2140,1.28,30.8,numbeo
2024,Detroit,Michigan,city_large,639000,3768,2751,45216,4167,50000,5660,7.25,0.904,2.9,60.3,1615,1232,16,440,78,2220,1.24,32.7,numbeo
2010,Grand Rapids,Michigan,city_medium,198000,2693,1966,32316,2820,33840,3622,7.25,0.955,1.6,55.6,816,642,10,272,44,1262,1.56,23.8,bls_modeled
2011,Grand Rapids,Michigan,city_medium,198000,2915,2128,34980,2872,34460,3701,7.25,1.015,3.2,56.7,863,716,10,276,47,1347,1.58,24.6,bls_modeled
2012,Grand Rapids,Michigan,city_medium,198000,2810,2051,33720,2896,34750,3769,7.25,0.97,2.1,56.9,852,705,11,288,46,1369,1.5,25.1,bls_modeled
2013,Grand Rapids,Michigan,city_medium,198000,2846,2078,34152,2923,35080,3870,7.25,0.974,1.5,56.7,866,700,11,280,47,1359,1.53,24.6,bls_modeled
2014,Grand Rapids,Michigan,city_medium,198000,2856,2085,34272,2962,35540,3936,7.25,0.964,1.6,56.8,950,702,11,284,49,1368,1.52,24.6,bls_modeled
2015,Grand Rapids,Michigan,city_medium,198000,2938,2145,35256,3017,36200,4027,7.25,0.974,0.1,57.2,874,699,11,300,50,1382,1.55,23.8,bls_modeled
2016,Grand Rapids,Michigan,city_medium,198000,2991,2183,35892,3087,37040,4136,7.25,0.969,1.3,57.3,896,699,11,307,51,1392,1.57,23.4,bls_modeled
2017,Grand Rapids,Michigan,city_medium,198000,3220,2351,38640,3141,37690,4218,7.25,1.025,2.1,57.9,936,741,11,299,49,1426,1.65,23.0,bls_modeled
2018,Grand Rapids,Michigan,city_medium,198000,3201,2337,38412,3220,38640,4330,7.25,0.994,2.4,58.1,991,783,12,312,52,1507,1.55,24.5,bls_modeled
2019,Grand Rapids,Michigan,city_medium,198000,3393,2477,40716,3318,39810,4458,7.25,1.023,1.8,57.3,1004,759,11,309,55,1465,1.69,22.4,bls_modeled
2020,Grand Rapids,Michigan,city_medium,198000,3613,2637,43356,3496,41950,4692,7.25,1.033,1.2,59.0,988,795,12,333,55,1547,1.7,22.0,bls_modeled
2021,Grand Rapids,Michigan,city_medium,198000,3967,2896,47604,3813,45760,4855,7.25,1.04,4.7,59.2,1086,833,12,347,58,1608,1.8,21.0,bls_modeled
2022,Grand Rapids,Michigan,city_medium,198000,4002,2921,48024,3859,46310,5158,7.25,1.037,8.0,58.2,1114,897,13,369,60,1726,1.69,22.4,bls_modeled
2023,Grand Rapids,Michigan,city_medium,198000,4136,3019,49632,4005,48060,5456,7.25,1.033,4.1,58.4,1137,935,13,384,65,1790,1.69,22.6,bls_modeled
2024,Grand Rapids,Michigan,city_medium,198000,4321,3154,51852,4167,50000,5660,7.25,1.037,2.9,59.4,1259,929,14,401,64,1824,1.73,21.5,bls_modeled
2010,Columbus,Ohio,city_large,905000,2697,1969,32364,2820,33840,3622,7.25,0.956,1.6,61.6,1087,825,11,316,56,1521,1.29,30.6,numbeo
2011,Columbus,Ohio,city_large,905000,2721,1986,32652,2872,34460,3701,7.25,0.947,3.2,62.9,1131,893,11,326,58,1605,1.24,32.8,numbeo
2012,Columbus,Ohio,city_large,905000,2636,1924,31632,2896,34750,3769,7.25,0.91,2.1,62.8,1184,909,11,328,57,1624,1.18,34.5,numbeo
2013,Columbus,Ohio,city_large,905000,2801,2045,33612,2923,35080,3870,7.25,0.958,1.5,62.8,1189,932,12,335,61,1680,1.22,33.3,numbeo
2014,Columbus,Ohio,city_large,905000,2815,2055,33780,2962,35540,3936,7.25,0.95,1.6,63.3,1158,920,12,350,61,1684,1.22,32.7,numbeo
2015,Columbus,Ohio,city_large,905000,2809,2051,33708,3017,36200,4027,7.25,0.931,0.1,64.0,1209,908,12,349,62,1672,1.23,32.3,numbeo
2016,Columbus,Ohio,city_large,905000,2911,2125,34932,3087,37040,4136,7.25,0.943,1.3,64.3,1196,885,13,354,63,1677,1.27,30.4,numbeo
2017,Columbus,Ohio,city_large,905000,3047,2224,36564,3141,37690,4218,7.25,0.97,2.1,64.2,1195,932,12,353,62,1704,1.31,30.6,numbeo
2018,Columbus,Ohio,city_large,905000,3068,2240,36816,3220,38640,4330,7.25,0.953,2.4,64.4,1300,935,13,375,62,1752,1.28,30.5,numbeo
2019,Columbus,Ohio,city_large,905000,3099,2262,37188,3318,39810,4458,7.25,0.934,1.8,64.0,1301,937,14,378,66,1783,1.27,30.2,numbeo
2020,Columbus,Ohio,city_large,905000,3420,2497,41040,3496,41950,4692,7.25,0.978,1.2,64.4,1327,1011,13,376,65,1836,1.36,29.6,numbeo
2021,Columbus,Ohio,city_large,905000,3620,2643,43440,3813,45760,4855,7.25,0.949,4.7,64.9,1370,1026,14,380,68,1884,1.4,28.3,numbeo
2022,Columbus,Ohio,city_large,905000,3582,2615,42984,3859,46310,5158,7.25,0.928,8.0,64.7,1442,1113,16,415,72,2060,1.27,31.1,numbeo
2023,Columbus,Ohio,city_large,905000,3809,2781,45708,4005,48060,5456,7.25,0.951,4.1,64.5,1490,1198,16,428,75,2167,1.28,31.5,numbeo
2024,Columbus,Ohio,city_large,905000,3905,2851,46860,4167,50000,5660,7.25,0.937,2.9,64.4,1572,1203,17,441,82,2216,1.29,30.8,numbeo
2010,Cleveland,Ohio,city_large,372000,2534,1850,30408,2820,33840,3622,7.25,0.899,1.6,60.0,1085,872,12,310,55,1581,1.17,34.4,numbeo
2011,Cleveland,Ohio,city_large,372000,2553,1864,30636,2872,34460,3701,7.25,0.889,3.2,60.2,1170,874,11,323,59,1584,1.18,34.2,numbeo
2012,Cleveland,Ohio,city_large,372000,2575,1880,30900,2896,34750,3769,7.25,0.889,2.1,60.2,1149,849,12,342,60,1601,1.17,33.0,numbeo
2013,Cleveland,Ohio,city_large,372000,2619,1912,31428,2923,35080,3870,7.25,0.896,1.5,60.6,1212,858,12,322,60,1592,1.2,32.8,numbeo
2014,Cleveland,Ohio,city_large,372000,2666,1946,31992,2962,35540,3936,7.25,0.9,1.6,60.8,1201,866,12,341,62,1622,1.2,32.5,numbeo
2015,Cleveland,Ohio,city_large,372000,2686,1961,32232,3017,36200,4027,7.25,0.89,0.1,60.3,1219,869,12,344,62,1628,1.2,32.4,numbeo
2016,Cleveland,Ohio,city_large,372000,2629,1919,31548,3087,37040,4136,7.25,0.852,1.3,60.7,1258,880,13,353,61,1669,1.15,33.5,numbeo
2017,Cleveland,Ohio,city_large,372000,2797,2042,33564,3141,37690,4218,7.25,0.89,2.1,61.3,1223,938,12,345,61,1701,1.2,33.5,numbeo
2018,Cleveland,Ohio,city_large,372000,2830,2066,33960,3220,38640,4330,7.25,0.879,2.4,60.3,1294,987,13,362,67,1796,1.15,34.9,numbeo
2019,Cleveland,Ohio,city_large,372000,2974,2171,35688,3318,39810,4458,7.25,0.896,1.8,60.5,1250,1021,14,354,64,1841,1.18,34.3,numbeo
2020,Cleveland,Ohio,city_large,372000,3042,2221,36504,3496,41950,4692,7.25,0.87,1.2,61.3,1307,1026,13,366,65,1841,1.21,33.7,numbeo
2021,Cleveland,Ohio,city_large,372000,3268,2386,39216,3813,45760,4855,7.25,0.857,4.7,61.8,1385,1058,14,387,67,1922,1.24,32.4,numbeo
2022,Cleveland,Ohio,city_large,372000,3485,2544,41820,3859,46310,5158,7.25,0.903,8.0,61.3,1489,1169,15,431,76,2116,1.2,33.5,numbeo
2023,Cleveland,Ohio,city_large,372000,3657,2670,43884,4005,48060,5456,7.25,0.913,4.1,61.6,1513,1172,16,427,79,2144,1.25,32.0,numbeo
2024,Cleveland,Ohio,city_large,372000,3703,2703,44436,4167,50000,5660,7.25,0.889,2.9,62.1,1531,1189,16,434,80,2173,1.24,32.1,numbeo
2010,Cincinnati,Ohio,city_large,309000,3101,2264,37212,2820,33840,3622,7.25,1.1,1.6,65.7,1125,844,12,301,54,1543,1.47,27.2,bls_modeled
2011,Cincinnati,Ohio,city_large,309000,3009,2197,36108,2872,34460,3701,7.25,1.048,3.2,66.0,1197,868,11,314,58,1568,1.4,28.8,bls_modeled
2012,Cincinnati,Ohio,city_large,309000,3063,2236,36756,2896,34750,3769,7.25,1.058,2.1,64.9,1220,871,12,337,59,1617,1.38,28.4,bls_modeled
2013,Cincinnati,Ohio,city_large,309000,3032,2213,36384,2923,35080,3870,7.25,1.037,1.5,66.4,1224,933,12,323,58,1666,1.33,30.8,bls_modeled
2014,Cincinnati,Ohio,city_large,309000,3225,2354,38700,2962,35540,3936,7.25,1.089,1.6,66.8,1174,948,12,348,62,1711,1.38,29.4,bls_modeled
2015,Cincinnati,Ohio,city_large,309000,3246,2370,38952,3017,36200,4027,7.25,1.076,0.1,65.9,1200,951,12,330,59,1693,1.4,29.3,bls_modeled
2016,Cincinnati,Ohio,city_large,309000,3352,2447,40224,3087,37040,4136,7.25,1.086,1.3,66.6,1168,945,12,342,64,1706,1.43,28.2,bls_modeled
2017,Cincinnati,Ohio,city_large,309000,3447,2516,41364,3141,37690,4218,7.25,1.097,2.1,66.4,1278,918,12,348,60,1683,1.49,26.6,bls_modeled
2018,Cincinnati,Ohio,city_large,309000,3440,2511,41280,3220,38640,4330,7.25,1.068,2.4,67.0,1295,914,13,362,66,1722,1.46,26.6,bls_modeled
2019,Cincinnati,Ohio,city_large,309000,3518,2568,42216,3318,39810,4458,7.25,1.06,1.8,67.5,1367,999,13,356,65,1802,1.43,28.4,bls_modeled
2020,Cincinnati,Ohio,city_large,309000,3786,2764,45432,3496,41950,4692,7.25,1.083,1.2,67.9,1276,957,14,374,66,1801,1.53,25.3,bls_modeled
2021,Cincinnati,Ohio,city_large,309000,3993,2915,47916,3813,45760,4855,7.25,1.047,4.7,67.3,1317,1042,14,403,71,1926,1.51,26.1,bls_modeled
2022,Cincinnati,Ohio,city_large,309000,4207,3071,50484,3859,46310,5158,7.25,1.09,8.0,67.7,1448,1167,15,410,75,2092,1.47,27.7,bls_modeled
2023,Cincinnati,Ohio,city_large,309000,4424,3230,53088,4005,48060,5456,7.25,1.105,4.1,67.9,1526,1201,15,424,78,2149,1.5,27.1,bls_modeled
2024,Cincinnati,Ohio,city_large,309000,4488,3276,53856,4167,50000,5660,7.25,1.077,2.9,68.3,1630,1249,16,456,78,2253,1.45,27.8,bls_modeled
2010,Toledo,Ohio,city_medium,270000,2717,1983,32604,2820,33840,3622,7.25,0.963,1.6,56.3,796,678,10,277,45,1304,1.52,25.0,bls_modeled
2011,Toledo,Ohio,city_medium,270000,2702,1972,32424,2872,34460,3701,7.25,0.941,3.2,56.0,845,707,10,283,48,1346,1.47,26.2,bls_modeled
2012,Toledo,Ohio,city_medium,270000,2721,1986,32652,2896,34750,3769,7.25,0.94,2.1,55.8,923,727,10,293,49,1379,1.44,26.7,bls_modeled
2013,Toledo,Ohio,city_medium,270000,2800,2044,33600,2923,35080,3870,7.25,0.958,1.5,55.8,860,699,10,280,50,1341,1.52,25.0,bls_modeled
2014,Toledo,Ohio,city_medium,270000,2977,2173,35724,2962,35540,3936,7.25,1.005,1.6,57.0,929,691,11,306,49,1379,1.58,23.2,bls_modeled
2015,Toledo,Ohio,city_medium,270000,2939,2145,35268,3017,36200,4027,7.25,0.974,0.1,56.1,891,727,10,287,48,1375,1.56,24.7,bls_modeled
2016,Toledo,Ohio,city_medium,270000,3085,2252,37020,3087,37040,4136,7.25,0.999,1.3,57.1,926,764,11,292,51,1442,1.56,24.8,bls_modeled
2017,Toledo,Ohio,city_medium,270000,3039,2218,36468,3141,37690,4218,7.25,0.968,2.1,57.3,930,727,11,317,50,1431,1.55,23.9,bls_modeled
2018,Toledo,Ohio,city_medium,270000,3225,2354,38700,3220,38640,4330,7.25,1.002,2.4,57.0,994,797,11,308,51,1496,1.57,24.7,bls_modeled
2019,Toledo,Ohio,city_medium,270000,3159,2306,37908,3318,39810,4458,7.25,0.952,1.8,57.7,937,757,11,307,54,1460,1.58,24.0,bls_modeled
2020,Toledo,Ohio,city_medium,270000,3319,2423,39828,3496,41950,4692,7.25,0.949,1.2,57.3,991,795,12,331,55,1545,1.57,24.0,bls_modeled
2021,Toledo,Ohio,city_medium,270000,3867,2823,46404,3813,45760,4855,7.25,1.014,4.7,57.2,1083,803,12,335,57,1565,1.8,20.8,bls_modeled
2022,Toledo,Ohio,city_medium,270000,3779,2759,45348,3859,46310,5158,7.25,0.979,8.0,58.8,1085,901,13,366,58,1725,1.6,23.8,bls_modeled
2023,Toledo,Ohio,city_medium,270000,3997,2918,47964,4005,48060,5456,7.25,0.998,4.1,57.9,1188,948,13,372,65,1791,1.63,23.7,bls_modeled
2024,Toledo,Ohio,city_medium,270000,4015,2931,48180,4167,50000,5660,7.25,0.964,2.9,59.2,1161,982,15,398,63,1893,1.55,24.5,bls_modeled
2010,Indianapolis,Indiana,city_large,887000,2568,1875,30816,2820,33840,3622,7.25,0.911,1.6,60.2,1070,793,11,311,53,1481,1.27,30.9,numbeo
2011,Indianapolis,Indiana,city_large,887000,2578,1882,30936,2872,34460,3701,7.25,0.898,3.2,59.6,1116,850,12,320,59,1577,1.19,33.0,numbeo
2012,Indianapolis,Indiana,city_large,887000,2639,1926,31668,2896,34750,3769,7.25,0.911,2.1,59.3,1201,922,11,320,60,1632,1.18,34.9,numbeo
2013,Indianapolis,Indiana,city_large,887000,2659,1941,31908,2923,35080,3870,7.25,0.91,1.5,60.4,1204,852,12,337,60,1601,1.21,32.0,numbeo
2014,Indianapolis,Indiana,city_large,887000,2793,2039,33516,2962,35540,3936,7.25,0.943,1.6,60.3,1233,890,13,340,61,1664,1.23,31.9,numbeo
2015,Indianapolis,Indiana,city_large,887000,2869,2094,34428,3017,36200,4027,7.25,0.951,0.1,61.2,1199,908,12,349,61,1671,1.25,31.6,numbeo
2016,Indianapolis,Indiana,city_large,887000,2880,2102,34560,3087,37040,4136,7.25,0.933,1.3,61.2,1169,943,12,358,60,1716,1.22,32.7,numbeo
2017,Indianapolis,Indiana,city_large,887000,2833,2068,33996,3141,37690,4218,7.25,0.902,2.1,60.6,1234,916,13,360,63,1716,1.21,32.3,numbeo
2018,Indianapolis,Indiana,city_large,887000,2912,2126,34944,3220,38640,4330,7.25,0.904,2.4,60.7,1272,914,13,353,65,1712,1.24,31.4,numbeo
2019,Indianapolis,Indiana,city_large,887000,3125,2281,37500,3318,39810,4458,7.25,0.942,1.8,60.9,1357,998,13,375,63,1818,1.25,31.9,numbeo
2020,Indianapolis,Indiana,city_large,887000,3226,2355,38712,3496,41950,4692,7.25,0.923,1.2,60.7,1337,1006,13,377,64,1831,1.29,31.2,numbeo
2021,Indianapolis,Indiana,city_large,887000,3616,2640,43392,3813,45760,4855,7.25,0.948,4.7,62.2,1371,1009,14,377,71,1867,1.41,27.9,numbeo
2022,Indianapolis,Indiana,city_large,887000,3569,2605,42828,3859,46310,5158,7.25,0.925,8.0,61.5,1544,1089,15,426,73,2028,1.28,30.5,numbeo
2023,Indianapolis,Indiana,city_large,887000,3714,2711,44568,4005,48060,5456,7.25,0.927,4.1,61.4,1547,1223,16,454,75,2218,1.22,32.9,numbeo
2024,Indianapolis,Indiana,city_large,887000,4033,2944,48396,4167,50000,5660,7.25,0.968,2.9,61.9,1657,1222,16,455,77,2224,1.32,30.3,numbeo
2010,Fort Wayne,Indiana,city_medium,270000,2649,1934,31788,2820,33840,3622,7.25,0.939,1.6,54.7,828,628,10,271,44,1247,1.55,23.7,bls_modeled
2011,Fort Wayne,Indiana,city_medium,270000,2611,1906,31332,2872,34460,3701,7.25,0.909,3.2,54.8,883,690,10,288,48,1334,1.43,26.4,bls_modeled
2012,Fort Wayne,Indiana,city_medium,270000,2655,1938,31860,2896,34750,3769,7.25,0.917,2.1,54.5,897,718,10,294,49,1371,1.41,27.0,bls_modeled
2013,Fort Wayne,Indiana,city_medium,270000,2755,2011,33060,2923,35080,3870,7.25,0.943,1.5,55.3,875,693,10,283,47,1335,1.51,25.2,bls_modeled
2014,Fort Wayne,Indiana,city_medium,270000,2659,1941,31908,2962,35540,3936,7.25,0.898,1.6,56.1,948,713,10,286,49,1361,1.43,26.8,bls_modeled
2015,Fort Wayne,Indiana,city_medium,270000,2772,2024,33264,3017,36200,4027,7.25,0.919,0.1,56.3,918,726,11,289,49,1397,1.45,26.2,bls_modeled
2016,Fort Wayne,Indiana,city_medium,270000,2779,2029,33348,3087,37040,4136,7.25,0.9,1.3,56.7,892,750,11,310,50,1445,1.4,27.0,bls_modeled
2017,Fort Wayne,Indiana,city_medium,270000,2867,2093,34404,3141,37690,4218,7.25,0.913,2.1,55.5,950,735,11,316,51,1439,1.45,25.6,bls_modeled
2018,Fort Wayne,Indiana,city_medium,270000,2988,2181,35856,3220,38640,4330,7.25,0.928,2.4,56.7,1005,781,12,323,54,1518,1.44,26.1,bls_modeled
2019,Fort Wayne,Indiana,city_medium,270000,3120,2278,37440,3318,39810,4458,7.25,0.94,1.8,56.8,1020,807,11,330,54,1533,1.49,25.9,bls_modeled
2020,Fort Wayne,Indiana,city_medium,270000,3311,2417,39732,3496,41950,4692,7.25,0.947,1.2,57.2,973,770,11,322,53,1489,1.62,23.3,bls_modeled
2021,Fort Wayne,Indiana,city_medium,270000,3450,2518,41400,3813,45760,4855,7.25,0.905,4.7,57.7,995,794,12,348,57,1569,1.6,23.0,bls_modeled
2022,Fort Wayne,Indiana,city_medium,270000,3680,2686,44160,3859,46310,5158,7.25,0.954,8.0,56.4,1152,900,13,372,61,1733,1.55,24.5,bls_modeled
2023,Fort Wayne,Indiana,city_medium,270000,3754,2740,45048,4005,48060,5456,7.25,0.937,4.1,57.7,1170,884,13,383,62,1735,1.58,23.5,bls_modeled
2024,Fort Wayne,Indiana,city_medium,270000,3869,2824,46428,4167,50000,5660,7.25,0.928,2.9,57.5,1163,992,14,378,65,1865,1.51,25.6,bls_modeled
2010,Minneapolis,Minnesota,city_large,429000,3235,2362,38820,2820,33840,3622,7.25,1.147,1.6,72.9,1115,829,11,325,54,1532,1.54,25.6,numbeo
2011,Minneapolis,Minnesota,city_large,429000,3221,2351,38652,2872,34460,3701,7.25,1.122,3.2,73.9,1091,871,11,311,57,1567,1.5,27.0,numbeo
2012,Minneapolis,Minnesota,city_large,429000,3379,2467,40548,2896,34750,3769,7.25,1.167,2.1,74.1,1130,865,12,326,60,1601,1.54,25.6,numbeo
2013,Minneapolis,Minnesota,city_large,429000,3273,2389,39276,2923,35080,3870,7.25,1.12,1.5,73.6,1221,925,12,337,62,1676,1.43,28.3,numbeo
2014,Minneapolis,Minnesota,city_large,429000,3293,2404,39516,2962,35540,3936,7.25,1.112,1.6,73.1,1231,895,13,334,60,1662,1.45,27.2,numbeo
2015,Minneapolis,Minnesota,city_large,429000,3559,2598,42708,3017,36200,4027,7.25,1.18,0.1,73.5,1205,914,12,342,61,1670,1.56,25.7,numbeo
2016,Minneapolis,Minnesota,city_large,429000,3460,2526,41520,3087,37040,4136,7.25,1.121,1.3,73.5,1169,904,12,354,61,1674,1.51,26.1,numbeo
2017,Minneapolis,Minnesota,city_large,429000,3523,2572,42276,3141,37690,4218,7.25,1.122,2.1,75.2,1206,925,12,339,64,1685,1.53,26.3,numbeo
2018,Minneapolis,Minnesota,city_large,429000,3677,2684,44124,3220,38640,4330,7.25,1.142,2.4,74.0,1293,946,13,353,64,1743,1.54,25.7,numbeo
2019,Minneapolis,Minnesota,city_large,429000,3986,2910,47832,3318,39810,4458,7.25,1.201,1.8,74.2,1368,985,14,364,63,1814,1.6,24.7,numbeo
2020,Minneapolis,Minnesota,city_large,429000,3975,2902,47700,3496,41950,4692,7.25,1.137,1.2,74.7,1378,958,13,367,66,1775,1.63,24.1,numbeo
2021,Minneapolis,Minnesota,city_large,429000,4425,3230,53100,3813,45760,4855,7.25,1.161,4.7,76.0,1438,1049,14,377,71,1907,1.69,23.7,numbeo
2022,Minneapolis,Minnesota,city_large,429000,4443,3243,53316,3859,46310,5158,7.25,1.151,8.0,75.4,1535,1121,15,424,73,2058,1.58,25.2,numbeo
2023,Minneapolis,Minnesota,city_large,429000,4692,3425,56304,4005,48060,5456,7.25,1.172,4.1,75.8,1560,1158,16,443,79,2146,1.6,24.7,numbeo
2024,Minneapolis,Minnesota,city_large,429000,5084,3711,61008,4167,50000,5660,7.25,1.22,2.9,76.8,1610,1149,16,448,81,2148,1.73,22.6,numbeo
2010,St. Paul,Minnesota,city_medium,311000,3061,2235,36732,2820,33840,3622,7.25,1.085,1.6,58.4,853,663,9,277,45,1269,1.76,21.7,bls_modeled
2011,St. Paul,Minnesota,city_medium,311000,3131,2286,37572,2872,34460,3701,7.25,1.09,3.2,59.1,864,655,10,271,48,1282,1.78,20.9,bls_modeled
2012,St. Paul,Minnesota,city_medium,311000,3398,2481,40776,2896,34750,3769,7.25,1.173,2.1,59.5,842,721,10,281,49,1361,1.82,21.2,bls_modeled
2013,St. Paul,Minnesota,city_medium,311000,3384,2470,40608,2923,35080,3870,7.25,1.158,1.5,59.9,874,733,11,293,46,1404,1.76,21.7,bls_modeled
2014,St. Paul,Minnesota,city_medium,311000,3418,2495,41016,2962,35540,3936,7.25,1.154,1.6,59.7,908,742,10,301,50,1406,1.77,21.7,bls_modeled
2015,St. Paul,Minnesota,city_medium,311000,3471,2534,41652,3017,36200,4027,7.25,1.15,0.1,60.4,901,693,10,290,50,1346,1.88,20.0,bls_modeled
2016,St. Paul,Minnesota,city_medium,311000,3471,2534,41652,3087,37040,4136,7.25,1.124,1.3,60.1,964,700,11,299,48,1382,1.83,20.2,bls_modeled
2017,St. Paul,Minnesota,city_medium,311000,3565,2602,42780,3141,37690,4218,7.25,1.135,2.1,60.4,952,733,11,304,49,1423,1.83,20.6,bls_modeled
2018,St. Paul,Minnesota,city_medium,311000,3798,2773,45576,3220,38640,4330,7.25,1.18,2.4,61.2,914,744,12,319,54,1477,1.88,19.6,bls_modeled
2019,St. Paul,Minnesota,city_medium,311000,3838,2802,46056,3318,39810,4458,7.25,1.157,1.8,61.2,989,785,11,311,54,1492,1.88,20.5,bls_modeled
2020,St. Paul,Minnesota,city_medium,311000,4176,3048,50112,3496,41950,4692,7.25,1.195,1.2,61.4,1027,767,12,324,53,1508,2.02,18.4,bls_modeled
2021,St. Paul,Minnesota,city_medium,311000,4443,3243,53316,3813,45760,4855,7.25,1.165,4.7,61.6,995,806,13,332,55,1583,2.05,18.1,bls_modeled
2022,St. Paul,Minnesota,city_medium,311000,4539,3313,54468,3859,46310,5158,7.25,1.176,8.0,62.4,1133,869,13,367,60,1696,1.95,19.1,bls_modeled
2023,St. Paul,Minnesota,city_medium,311000,4762,3476,57144,4005,48060,5456,7.25,1.189,4.1,62.3,1135,885,14,390,63,1764,1.97,18.6,bls_modeled
2024,St. Paul,Minnesota,city_medium,311000,4976,3632,59712,4167,50000,5660,7.25,1.194,2.9,62.4,1147,987,15,381,63,1881,1.93,19.8,bls_modeled
2010,Milwaukee,Wisconsin,city_large,577000,3049,2226,36588,2820,33840,3622,7.25,1.081,1.6,65.4,1088,799,11,311,57,1491,1.49,26.2,bls_modeled
2011,Milwaukee,Wisconsin,city_large,577000,2994,2186,35928,2872,34460,3701,7.25,1.042,3.2,65.0,1194,872,11,324,56,1580,1.38,29.1,bls_modeled
2012,Milwaukee,Wisconsin,city_large,577000,3030,2212,36360,2896,34750,3769,7.25,1.046,2.1,65.7,1168,885,11,342,60,1617,1.37,29.2,bls_modeled
2013,Milwaukee,Wisconsin,city_large,577000,3219,2350,38628,2923,35080,3870,7.25,1.101,1.5,66.3,1186,937,12,331,57,1677,1.4,29.1,bls_modeled
2014,Milwaukee,Wisconsin,city_large,577000,3144,2295,37728,2962,35540,3936,7.25,1.061,1.6,66.5,1213,928,12,343,61,1685,1.36,29.5,bls_modeled
2015,Milwaukee,Wisconsin,city_large,577000,3335,2435,40020,3017,36200,4027,7.25,1.105,0.1,66.5,1166,916,12,332,63,1664,1.46,27.5,bls_modeled
2016,Milwaukee,Wisconsin,city_large,577000,3358,2451,40296,3087,37040,4136,7.25,1.088,1.3,67.4,1256,910,13,354,63,1702,1.44,27.1,bls_modeled
2017,Milwaukee,Wisconsin,city_large,577000,3429,2503,41148,3141,37690,4218,7.25,1.092,2.1,66.4,1258,900,13,362,62,1701,1.47,26.2,bls_modeled
2018,Milwaukee,Wisconsin,city_large,577000,3528,2575,42336,3220,38640,4330,7.25,1.096,2.4,66.3,1260,967,13,372,62,1781,1.45,27.4,bls_modeled
2019,Milwaukee,Wisconsin,city_large,577000,3468,2532,41616,3318,39810,4458,7.25,1.045,1.8,66.8,1294,932,14,369,67,1770,1.43,26.9,bls_modeled
2020,Milwaukee,Wisconsin,city_large,577000,3801,2775,45612,3496,41950,4692,7.25,1.087,1.2,67.3,1379,1009,13,367,66,1826,1.52,26.5,bls_modeled
2021,Milwaukee,Wisconsin,city_large,577000,4238,3094,50856,3813,45760,4855,7.25,1.111,4.7,67.7,1440,1030,13,399,69,1888,1.64,24.3,bls_modeled
2022,Milwaukee,Wisconsin,city_large,577000,4224,3084,50688,3859,46310,5158,7.25,1.095,8.0,68.5,1564,1103,14,412,76,2011,1.53,26.1,bls_modeled
2023,Milwaukee,Wisconsin,city_large,577000,4321,3154,51852,4005,48060,5456,7.25,1.079,4.1,68.1,1622,1207,15,438,79,2170,1.45,27.9,bls_modeled
2024,Milwaukee,Wisconsin,city_large,577000,4419,3226,53028,4167,50000,5660,7.25,1.06,2.9,69.2,1564,1210,16,462,79,2221,1.45,27.4,bls_modeled
2010,Madison,Wisconsin,city_medium,269000,2701,1972,32412,2820,33840,3622,7.25,0.958,1.6,56.6,820,643,10,266,46,1259,1.57,23.8,bls_modeled
2011,Madison,Wisconsin,city_medium,269000,2803,2046,33636,2872,34460,3701,7.25,0.976,3.2,56.4,869,699,10,287,48,1342,1.52,24.9,bls_modeled
2012,Madison,Wisconsin,city_medium,269000,2783,2032,33396,2896,34750,3769,7.25,0.961,2.1,56.6,897,698,10,295,47,1350,1.51,25.1,bls_modeled
2013,Madison,Wisconsin,city_medium,269000,2830,2066,33960,2923,35080,3870,7.25,0.968,1.5,57.1,862,678,10,284,50,1324,1.56,24.0,bls_modeled
2014,Madison,Wisconsin,city_medium,269000,2902,2118,34824,2962,35540,3936,7.25,0.98,1.6,55.9,882,723,11,285,51,1392,1.52,24.9,bls_modeled
2015,Madison,Wisconsin,city_medium,269000,2907,2122,34884,3017,36200,4027,7.25,0.964,0.1,57.1,941,743,10,302,48,1406,1.51,25.6,bls_modeled
2016,Madison,Wisconsin,city_medium,269000,3069,2240,36828,3087,37040,4136,7.25,0.994,1.3,56.9,903,705,11,288,50,1378,1.63,23.0,bls_modeled
2017,Madison,Wisconsin,city_medium,269000,3156,2304,37872,3141,37690,4218,7.25,1.005,2.1,57.4,936,744,11,309,49,1439,1.6,23.6,bls_modeled
2018,Madison,Wisconsin,city_medium,269000,3102,2264,37224,3220,38640,4330,7.25,0.963,2.4,58.2,975,769,11,322,53,1484,1.53,24.8,bls_modeled
2019,Madison,Wisconsin,city_medium,269000,3342,2440,40104,3318,39810,4458,7.25,1.007,1.8,57.9,992,740,12,322,53,1477,1.65,22.1,bls_modeled
2020,Madison,Wisconsin,city_medium,269000,3399,2481,40788,3496,41950,4692,7.25,0.972,1.2,58.4,984,803,12,329,52,1548,1.6,23.6,bls_modeled
2021,Madison,Wisconsin,city_medium,269000,3884,2835,46608,3813,45760,4855,7.25,1.019,4.7,57.7,990,828,12,327,57,1582,1.79,21.3,bls_modeled
2022,Madison,Wisconsin,city_medium,269000,3767,2750,45204,3859,46310,5158,7.25,0.976,8.0,58.3,1134,911,12,362,62,1715,1.6,24.2,bls_modeled
2023,Madison,Wisconsin,city_medium,269000,4086,2983,49032,4005,48060,5456,7.25,1.02,4.1,58.5,1187,888,14,371,66,1751,1.7,21.7,bls_modeled
2024,Madison,Wisconsin,city_medium,269000,4054,2959,48648,4167,50000,5660,7.25,0.973,2.9,58.3,1259,927,14,380,63,1800,1.64,22.9,bls_modeled
2010,St. Louis,Missouri,city_large,301000,2577,1881,30924,2820,33840,3622,7.25,0.914,1.6,58.5,1114,856,11,308,55,1543,1.22,33.2,numbeo
2011,St. Louis,Missouri,city_large,301000,2486,1815,29832,2872,34460,3701,7.25,0.866,3.2,59.4,1130,847,12,322,58,1575,1.15,34.1,numbeo
2012,St. Louis,Missouri,city_large,301000,2548,1860,30576,2896,34750,3769,7.25,0.88,2.1,58.5,1220,909,11,338,59,1636,1.14,35.7,numbeo
2013,St. Louis,Missouri,city_large,301000,2587,1889,31044,2923,35080,3870,7.25,0.885,1.5,59.2,1231,865,11,342,59,1598,1.18,33.4,numbeo
2014,St. Louis,Missouri,city_large,301000,2643,1929,31716,2962,35540,3936,7.25,0.892,1.6,59.2,1234,879,12,327,62,1621,1.19,33.3,numbeo
2015,St. Louis,Missouri,city_large,301000,2751,2008,33012,3017,36200,4027,7.25,0.912,0.1,59.3,1234,884,12,340,59,1636,1.23,32.1,numbeo
2016,St. Louis,Missouri,city_large,301000,2715,1982,32580,3087,37040,4136,7.25,0.879,1.3,60.3,1206,940,12,332,61,1688,1.17,34.6,numbeo
2017,St. Louis,Missouri,city_large,301000,2807,2049,33684,3141,37690,4218,7.25,0.894,2.1,60.2,1290,906,13,366,64,1713,1.2,32.3,numbeo
2018,St. Louis,Missouri,city_large,301000,2973,2170,35676,3220,38640,4330,7.25,0.923,2.4,59.8,1239,933,13,347,66,1726,1.26,31.4,numbeo
2019,St. Louis,Missouri,city_large,301000,2974,2171,35688,3318,39810,4458,7.25,0.896,1.8,60.0,1313,1007,13,374,64,1827,1.19,33.9,numbeo
2020,St. Louis,Missouri,city_large,301000,3150,2300,37800,3496,41950,4692,7.25,0.901,1.2,60.1,1281,969,14,373,65,1811,1.27,30.8,numbeo
2021,St. Louis,Missouri,city_large,301000,3527,2575,42324,3813,45760,4855,7.25,0.925,4.7,60.4,1343,1074,13,391,70,1925,1.34,30.5,numbeo
2022,St. Louis,Missouri,city_large,301000,3629,2649,43548,3859,46310,5158,7.25,0.94,8.0,60.1,1468,1127,14,432,77,2056,1.29,31.1,numbeo
2023,St. Louis,Missouri,city_large,301000,3620,2643,43440,4005,48060,5456,7.25,0.904,4.1,61.2,1605,1115,16,448,79,2108,1.25,30.8,numbeo
2024,St. Louis,Missouri,city_large,301000,3834,2799,46008,4167,50000,5660,7.25,0.92,2.9,61.8,1642,1147,15,462,80,2139,1.31,29.9,numbeo
2010,Kansas City,Missouri,city_large,502000,2598,1897,31176,2820,33840,3622,7.25,0.921,1.6,61.1,1085,847,11,315,56,1542,1.23,32.6,numbeo
2011,Kansas City,Missouri,city_large,502000,2685,1960,32220,2872,34460,3701,7.25,0.935,3.2,61.1,1133,896,11,317,56,1597,1.23,33.4,numbeo
2012,Kansas City,Missouri,city_large,502000,2618,1911,31416,2896,34750,3769,7.25,0.904,2.1,60.7,1124,856,12,319,59,1584,1.21,32.7,numbeo
2013,Kansas City,Missouri,city_large,502000,2648,1933,31776,2923,35080,3870,7.25,0.906,1.5,60.9,1200,924,12,338,60,1674,1.15,34.9,numbeo
2014,Kansas City,Missouri,city_large,502000,2819,2058,33828,2962,35540,3936,7.25,0.952,1.6,61.2,1151,952,12,333,62,1700,1.21,33.8,numbeo
2015,Kansas City,Missouri,city_large,502000,2724,1989,32688,3017,36200,4027,7.25,0.903,0.1,61.3,1222,867,12,343,60,1623,1.23,31.8,numbeo
2016,Kansas City,Missouri,city_large,502000,2770,2022,33240,3087,37040,4136,7.25,0.897,1.3,62.4,1225,934,12,355,62,1706,1.19,33.7,numbeo
2017,Kansas City,Missouri,city_large,502000,2834,2069,34008,3141,37690,4218,7.25,0.902,2.1,61.4,1262,911,12,341,64,1673,1.24,32.1,numbeo
2018,Kansas City,Missouri,city_large,502000,2928,2137,35136,3220,38640,4330,7.25,0.909,2.4,62.6,1256,922,12,370,63,1715,1.25,31.5,numbeo
2019,Kansas City,Missouri,city_large,502000,3051,2227,36612,3318,39810,4458,7.25,0.92,1.8,62.3,1336,999,13,373,65,1819,1.22,32.7,numbeo
2020,Kansas City,Missouri,city_large,502000,3288,2400,39456,3496,41950,4692,7.25,0.941,1.2,63.1,1317,1035,13,369,68,1856,1.29,31.5,numbeo
2021,Kansas City,Missouri,city_large,502000,3652,2666,43824,3813,45760,4855,7.25,0.958,4.7,62.1,1403,993,14,373,67,1843,1.45,27.2,numbeo
2022,Kansas City,Missouri,city_large,502000,3560,2599,42720,3859,46310,5158,7.25,0.923,8.0,63.2,1463,1128,15,434,72,2074,1.25,31.7,numbeo
2023,Kansas City,Missouri,city_large,502000,3806,2778,45672,4005,48060,5456,7.25,0.95,4.1,63.5,1617,1190,15,443,80,2159,1.29,31.3,numbeo
2024,Kansas City,Missouri,city_large,502000,3976,2902,47712,4167,50000,5660,7.25,0.954,2.9,63.7,1636,1163,15,442,83,2138,1.36,29.3,numbeo
2010,Omaha,Nebraska,city_large,486000,2602,1899,31224,2820,33840,3622,7.25,0.923,1.6,60.1,1080,875,12,318,54,1591,1.19,33.6,numbeo
2011,Omaha,Nebraska,city_large,486000,2647,1932,31764,2872,34460,3701,7.25,0.922,3.2,60.3,1094,823,12,311,56,1538,1.26,31.1,numbeo
2012,Omaha,Nebraska,city_large,486000,2697,1969,32364,2896,34750,3769,7.25,0.931,2.1,59.6,1133,848,12,342,59,1599,1.23,31.4,numbeo
2013,Omaha,Nebraska,city_large,486000,2689,1963,32268,2923,35080,3870,7.25,0.92,1.5,60.2,1222,937,12,330,61,1680,1.17,34.8,numbeo
2014,Omaha,Nebraska,city_large,486000,2755,2011,33060,2962,35540,3936,7.25,0.93,1.6,60.9,1175,867,13,344,61,1645,1.22,31.5,numbeo
2015,Omaha,Nebraska,city_large,486000,2873,2097,34476,3017,36200,4027,7.25,0.952,0.1,59.9,1235,868,12,345,62,1628,1.29,30.2,numbeo
2016,Omaha,Nebraska,city_large,486000,2949,2153,35388,3087,37040,4136,7.25,0.955,1.3,60.2,1255,879,13,349,62,1665,1.29,29.8,numbeo
2017,Omaha,Nebraska,city_large,486000,2972,2170,35664,3141,37690,4218,7.25,0.946,2.1,61.3,1265,978,12,359,63,1757,1.24,32.9,numbeo
2018,Omaha,Nebraska,city_large,486000,2989,2182,35868,3220,38640,4330,7.25,0.928,2.4,61.0,1283,946,12,358,62,1726,1.26,31.6,numbeo
2019,Omaha,Nebraska,city_large,486000,3073,2243,36876,3318,39810,4458,7.25,0.926,1.8,60.6,1251,949,13,372,66,1769,1.27,30.9,numbeo
2020,Omaha,Nebraska,city_large,486000,3349,2445,40188,3496,41950,4692,7.25,0.958,1.2,61.5,1272,981,13,366,67,1798,1.36,29.3,numbeo
2021,Omaha,Nebraska,city_large,486000,3640,2657,43680,3813,45760,4855,7.25,0.955,4.7,61.6,1352,990,14,393,70,1863,1.43,27.2,numbeo
2022,Omaha,Nebraska,city_large,486000,3737,2728,44844,3859,46310,5158,7.25,0.968,8.0,62.1,1506,1154,15,412,74,2080,1.31,30.9,numbeo
2023,Omaha,Nebraska,city_large,486000,3891,2840,46692,4005,48060,5456,7.25,0.972,4.1,61.6,1545,1112,15,445,80,2083,1.36,28.6,numbeo
2024,Omaha,Nebraska,city_large,486000,3893,2842,46716,4167,50000,5660,7.25,0.934,2.9,62.4,1557,1253,16,450,77,2250,1.26,32.2,numbeo
2010,Des Moines,Iowa,city_medium,214000,2661,1943,31932,2820,33840,3622,7.25,0.944,1.6,55.5,816,677,10,272,46,1299,1.5,25.4,bls_modeled
2011,Des Moines,Iowa,city_medium,214000,2647,1932,31764,2872,34460,3701,7.25,0.922,3.2,55.5,821,696,10,284,48,1336,1.45,26.3,bls_modeled
2012,Des Moines,Iowa,city_medium,214000,2651,1935,31812,2896,34750,3769,7.25,0.915,2.1,55.4,920,719,11,286,48,1383,1.4,27.1,bls_modeled
2013,Des Moines,Iowa,city_medium,214000,2720,1986,32640,2923,35080,3870,7.25,0.931,1.5,55.2,917,712,11,297,48,1389,1.43,26.2,bls_modeled
2014,Des Moines,Iowa,city_medium,214000,2775,2026,33300,2962,35540,3936,7.25,0.937,1.6,56.0,935,733,11,297,48,1411,1.44,26.4,bls_modeled
2015,Des Moines,Iowa,city_medium,214000,2705,1975,32460,3017,36200,4027,7.25,0.897,0.1,56.3,866,715,10,298,48,1374,1.44,26.4,bls_modeled
2016,Des Moines,Iowa,city_medium,214000,2863,2090,34356,3087,37040,4136,7.25,0.927,1.3,55.7,883,716,11,298,50,1399,1.49,25.0,bls_modeled
2017,Des Moines,Iowa,city_medium,214000,2904,2120,34848,3141,37690,4218,7.25,0.925,2.1,56.7,979,758,11,299,51,1445,1.47,26.1,bls_modeled
2018,Des Moines,Iowa,city_medium,214000,2961,2162,35532,3220,38640,4330,7.25,0.92,2.4,55.9,919,735,12,322,53,1470,1.47,24.8,bls_modeled
2019,Des Moines,Iowa,city_medium,214000,3003,2192,36036,3318,39810,4458,7.25,0.905,1.8,56.9,983,764,11,315,53,1474,1.49,25.4,bls_modeled
2020,Des Moines,Iowa,city_medium,214000,3279,2394,39348,3496,41950,4692,7.25,0.938,1.2,57.4,946,751,12,331,55,1501,1.59,22.9,bls_modeled
2021,Des Moines,Iowa,city_medium,214000,3665,2675,43980,3813,45760,4855,7.25,0.961,4.7,57.8,1088,831,12,331,54,1586,1.69,22.7,bls_modeled
2022,Des Moines,Iowa,city_medium,214000,3549,2591,42588,3859,46310,5158,7.25,0.92,8.0,56.8,1066,878,13,364,60,1702,1.52,24.7,bls_modeled
2023,Des Moines,Iowa,city_medium,214000,3734,2726,44808,4005,48060,5456,7.25,0.932,4.1,58.1,1124,913,13,376,65,1760,1.55,24.5,bls_modeled
2024,Des Moines,Iowa,city_medium,214000,3840,2803,46080,4167,50000,5660,7.25,0.922,2.9,57.5,1197,918,14,385,64,1797,1.56,23.9,bls_modeled
2010,Wichita,Kansas,city_medium,397000,2521,1840,30252,2820,33840,3622,7.25,0.894,1.6,55.1,874,679,10,274,44,1301,1.41,26.9,bls_modeled
2011,Wichita,Kansas,city_medium,397000,2570,1876,30840,2872,34460,3701,7.25,0.895,3.2,54.6,894,688,10,286,48,1330,1.41,26.8,bls_modeled
2012,Wichita,Kansas,city_medium,397000,2578,1882,30936,2896,34750,3769,7.25,0.89,2.1,54.2,841,685,10,290,50,1335,1.41,26.6,bls_modeled
2013,Wichita,Kansas,city_medium,397000,2598,1897,31176,2923,35080,3870,7.25,0.889,1.5,55.3,922,685,10,279,47,1323,1.43,26.4,bls_modeled
2014,Wichita,Kansas,city_medium,397000,2755,2011,33060,2962,35540,3936,7.25,0.93,1.6,54.8,882,739,11,294,49,1415,1.42,26.8,bls_modeled
2015,Wichita,Kansas,city_medium,397000,2722,1987,32664,3017,36200,4027,7.25,0.902,0.1,55.5,944,739,10,287,48,1387,1.43,27.1,bls_modeled
2016,Wichita,Kansas,city_medium,397000,2835,2070,34020,3087,37040,4136,7.25,0.918,1.3,55.2,959,750,11,307,50,1442,1.44,26.5,bls_modeled
2017,Wichita,Kansas,city_medium,397000,2899,2116,34788,3141,37690,4218,7.25,0.923,2.1,56.5,966,757,11,301,52,1447,1.46,26.1,bls_modeled
2018,Wichita,Kansas,city_medium,397000,2970,2168,35640,3220,38640,4330,7.25,0.922,2.4,56.1,990,751,11,300,52,1443,1.5,25.3,bls_modeled
2019,Wichita,Kansas,city_medium,397000,2916,2129,34992,3318,39810,4458,7.25,0.879,1.8,56.2,994,782,12,317,53,1514,1.41,26.8,bls_modeled
2020,Wichita,Kansas,city_medium,397000,3243,2367,38916,3496,41950,4692,7.25,0.928,1.2,56.3,993,785,12,329,53,1531,1.55,24.2,bls_modeled
2021,Wichita,Kansas,city_medium,397000,3471,2534,41652,3813,45760,4855,7.25,0.91,4.7,57.4,1019,789,12,340,54,1553,1.63,22.7,bls_modeled
2022,Wichita,Kansas,city_medium,397000,3651,2665,43812,3859,46310,5158,7.25,0.946,8.0,56.7,1121,926,13,359,62,1747,1.53,25.4,bls_modeled
2023,Wichita,Kansas,city_medium,397000,3645,2661,43740,4005,48060,5456,7.25,0.91,4.1,57.0,1186,956,14,364,61,1807,1.47,26.2,bls_modeled
2024,Wichita,Kansas,city_medium,397000,3878,2831,46536,4167,50000,5660,7.25,0.931,2.9,56.9,1239,903,14,375,64,1772,1.6,23.3,bls_modeled
2010,Dallas,Texas,city_large,1304000,2840,2073,34080,2820,33840,3622,7.25,1.007,1.6,69.8,1086,807,12,310,54,1515,1.37,28.4,numbeo
2011,Dallas,Texas,city_large,1304000,2945,2150,35340,2872,34460,3701,7.25,1.025,3.2,70.6,1103,868,11,330,58,1584,1.36,29.5,numbeo
2012,Dallas,Texas,city_large,1304000,2861,2089,34332,2896,34750,3769,7.25,0.988,2.1,70.3,1158,887,12,333,56,1626,1.28,31.0,numbeo
2013,Dallas,Texas,city_large,1304000,2969,2167,35628,2923,35080,3870,7.25,1.016,1.5,70.8,1246,909,12,335,60,1656,1.31,30.6,numbeo
2014,Dallas,Texas,city_large,1304000,2904,2120,34848,2962,35540,3936,7.25,0.98,1.6,70.3,1212,867,12,330,63,1613,1.31,29.9,numbeo
2015,Dallas,Texas,city_large,1304000,3105,2267,37260,3017,36200,4027,7.25,1.029,0.1,71.8,1210,933,12,346,60,1692,1.34,30.0,numbeo
2016,Dallas,Texas,city_large,1304000,3072,2243,36864,3087,37040,4136,7.25,0.995,1.3,70.9,1284,880,12,345,61,1641,1.37,28.6,numbeo
2017,Dallas,Texas,city_large,1304000,3241,2366,38892,3141,37690,4218,7.25,1.032,2.1,71.5,1227,971,12,345,63,1736,1.36,30.0,numbeo
2018,Dallas,Texas,city_large,1304000,3348,2444,40176,3220,38640,4330,7.25,1.04,2.4,72.1,1244,985,13,347,64,1776,1.38,29.4,numbeo
2019,Dallas,Texas,city_large,1304000,3389,2474,40668,3318,39810,4458,7.25,1.021,1.8,72.0,1357,955,12,359,65,1741,1.42,28.2,numbeo
2020,Dallas,Texas,city_large,1304000,3537,2582,42444,3496,41950,4692,7.25,1.012,1.2,71.8,1352,1028,14,364,66,1862,1.39,29.1,numbeo
2021,Dallas,Texas,city_large,1304000,3935,2873,47220,3813,45760,4855,7.25,1.032,4.7,72.3,1341,992,13,393,71,1846,1.56,25.2,numbeo
2022,Dallas,Texas,city_large,1304000,4099,2992,49188,3859,46310,5158,7.25,1.062,8.0,73.2,1523,1130,14,406,73,2029,1.47,27.6,numbeo
2023,Dallas,Texas,city_large,1304000,4211,3074,50532,4005,48060,5456,7.25,1.051,4.1,72.6,1514,1203,16,432,81,2182,1.41,28.6,numbeo
2024,Dallas,Texas,city_large,1304000,4427,3232,53124,4167,50000,5660,7.25,1.062,2.9,72.4,1526,1257,16,435,77,2239,1.44,28.4,numbeo
2010,Houston,Texas,city_large,2304000,2739,1999,32868,2820,33840,3622,7.25,0.971,1.6,69.7,1160,815,11,308,56,1503,1.33,29.8,numbeo
2011,Houston,Texas,city_large,2304000,2812,2053,33744,2872,34460,3701,7.25,0.979,3.2,68.9,1134,865,11,330,58,1581,1.3,30.8,numbeo
2012,Houston,Texas,city_large,2304000,2966,2165,35592,2896,34750,3769,7.25,1.024,2.1,69.9,1160,852,12,323,61,1586,1.37,28.7,numbeo
2013,Houston,Texas,city_large,2304000,2866,2092,34392,2923,35080,3870,7.25,0.98,1.5,69.8,1181,900,12,343,62,1657,1.26,31.4,numbeo
2014,Houston,Texas,city_large,2304000,2951,2154,35412,2962,35540,3936,7.25,0.996,1.6,70.0,1221,951,11,341,62,1687,1.28,32.2,numbeo
2015,Houston,Texas,city_large,2304000,2969,2167,35628,3017,36200,4027,7.25,0.984,0.1,70.3,1187,870,12,354,61,1638,1.32,29.3,numbeo
2016,Houston,Texas,city_large,2304000,3089,2255,37068,3087,37040,4136,7.25,1.001,1.3,70.6,1276,887,12,339,61,1642,1.37,28.7,numbeo
2017,Houston,Texas,city_large,2304000,3189,2328,38268,3141,37690,4218,7.25,1.015,2.1,70.9,1243,897,12,363,64,1681,1.38,28.1,numbeo
2018,Houston,Texas,city_large,2304000,3245,2369,38940,3220,38640,4330,7.25,1.008,2.4,70.9,1249,923,13,367,65,1735,1.37,28.4,numbeo
2019,Houston,Texas,city_large,2304000,3420,2497,41040,3318,39810,4458,7.25,1.031,1.8,70.5,1292,1023,13,358,65,1828,1.37,29.9,numbeo
2020,Houston,Texas,city_large,2304000,3669,2678,44028,3496,41950,4692,7.25,1.049,1.2,71.1,1282,1015,14,364,68,1851,1.45,27.7,numbeo
2021,Houston,Texas,city_large,2304000,4115,3004,49380,3813,45760,4855,7.25,1.079,4.7,72.1,1363,1051,14,384,69,1914,1.57,25.5,numbeo
2022,Houston,Texas,city_large,2304000,3957,2889,47484,3859,46310,5158,7.25,1.025,8.0,70.9,1421,1110,14,434,75,2039,1.42,28.1,numbeo
2023,Houston,Texas,city_large,2304000,4282,3126,51384,4005,48060,5456,7.25,1.069,4.1,72.0,1574,1213,15,424,81,2164,1.44,28.3,numbeo
2024,Houston,Texas,city_large,2304000,4446,3246,53352,4167,50000,5660,7.25,1.067,2.9,72.8,1549,1215,16,433,80,2198,1.48,27.3,numbeo
2010,San Antonio,Texas,city_large,1434000,2507,1830,30084,2820,33840,3622,7.25,0.889,1.6,62.9,1113,876,11,317,57,1574,1.16,34.9,numbeo
2011,San Antonio,Texas,city_large,1434000,2526,1844,30312,2872,34460,3701,7.25,0.88,3.2,62.8,1125,866,12,327,58,1599,1.15,34.3,numbeo
2012,San Antonio,Texas,city_large,1434000,2574,1879,30888,2896,34750,3769,7.25,0.889,2.1,62.7,1230,903,12,340,61,1654,1.14,35.1,numbeo
2013,San Antonio,Texas,city_large,1434000,2686,1961,32232,2923,35080,3870,7.25,0.919,1.5,63.4,1186,907,12,321,61,1641,1.2,33.8,numbeo
2014,San Antonio,Texas,city_large,1434000,2699,1970,32388,2962,35540,3936,7.25,0.911,1.6,63.9,1244,913,13,330,58,1674,1.18,33.8,numbeo
2015,San Antonio,Texas,city_large,1434000,2740,2000,32880,3017,36200,4027,7.25,0.908,0.1,63.6,1209,912,12,328,60,1653,1.21,33.3,numbeo
2016,San Antonio,Texas,city_large,1434000,2745,2004,32940,3087,37040,4136,7.25,0.889,1.3,62.7,1199,880,12,354,61,1650,1.21,32.1,numbeo
2017,San Antonio,Texas,city_large,1434000,2798,2043,33576,3141,37690,4218,7.25,0.891,2.1,63.7,1310,928,12,356,60,1701,1.2,33.2,numbeo
2018,San Antonio,Texas,city_large,1434000,2988,2181,35856,3220,38640,4330,7.25,0.928,2.4,63.3,1286,947,12,363,62,1732,1.26,31.7,numbeo
2019,San Antonio,Texas,city_large,1434000,3105,2267,37260,3318,39810,4458,7.25,0.936,1.8,63.6,1367,936,13,357,67,1742,1.3,30.1,numbeo
2020,San Antonio,Texas,city_large,1434000,3304,2412,39648,3496,41950,4692,7.25,0.945,1.2,64.5,1324,950,14,360,64,1778,1.36,28.8,numbeo
2021,San Antonio,Texas,city_large,1434000,3565,2602,42780,3813,45760,4855,7.25,0.935,4.7,65.2,1411,1038,13,400,71,1899,1.37,29.1,numbeo
2022,San Antonio,Texas,city_large,1434000,3558,2597,42696,3859,46310,5158,7.25,0.922,8.0,64.6,1475,1092,15,407,76,2015,1.29,30.7,numbeo
2023,San Antonio,Texas,city_large,1434000,3750,2738,45000,4005,48060,5456,7.25,0.936,4.1,65.1,1545,1191,16,429,75,2161,1.27,31.8,numbeo
2024,San Antonio,Texas,city_large,1434000,3980,2905,47760,4167,50000,5660,7.25,0.955,2.9,65.1,1539,1166,15,467,81,2164,1.34,29.3,numbeo
2010,Austin,Texas,city_large,978000,3302,2410,39624,2820,33840,3622,7.25,1.171,1.6,78.4,1084,870,11,325,55,1574,1.53,26.3,numbeo
2011,Austin,Texas,city_large,978000,3315,2420,39780,2872,34460,3701,7.25,1.154,3.2,78.3,1125,826,11,316,56,1526,1.59,24.9,numbeo
2012,Austin,Texas,city_large,978000,3534,2580,42408,2896,34750,3769,7.25,1.22,2.1,79.8,1227,862,12,337,56,1605,1.61,24.4,numbeo
2013,Austin,Texas,city_large,978000,3479,2540,41748,2923,35080,3870,7.25,1.19,1.5,79.2,1178,850,12,330,59,1591,1.6,24.4,numbeo
2014,Austin,Texas,city_large,978000,3515,2566,42180,2962,35540,3936,7.25,1.187,1.6,79.7,1260,885,13,332,60,1650,1.56,25.2,numbeo
2015,Austin,Texas,city_large,978000,3642,2659,43704,3017,36200,4027,7.25,1.207,0.1,79.2,1167,948,12,333,61,1695,1.57,26.0,numbeo
2016,Austin,Texas,city_large,978000,3779,2759,45348,3087,37040,4136,7.25,1.224,1.3,80.8,1269,903,12,347,62,1667,1.66,23.9,numbeo
2017,Austin,Texas,city_large,978000,3855,2814,46260,3141,37690,4218,7.25,1.227,2.1,79.6,1247,904,12,365,65,1691,1.66,23.5,numbeo
2018,Austin,Texas,city_large,978000,3842,2805,46104,3220,38640,4330,7.25,1.193,2.4,80.6,1298,926,12,374,63,1723,1.63,24.1,numbeo
2019,Austin,Texas,city_large,978000,4054,2959,48648,3318,39810,4458,7.25,1.222,1.8,80.3,1365,945,13,360,65,1752,1.69,23.3,numbeo
2020,Austin,Texas,city_large,978000,4370,3190,52440,3496,41950,4692,7.25,1.25,1.2,81.3,1273,1026,13,374,67,1851,1.72,23.5,numbeo
2021,Austin,Texas,city_large,978000,4718,3444,56616,3813,45760,4855,7.25,1.237,4.7,80.6,1325,1023,14,402,72,1907,1.81,21.7,numbeo
2022,Austin,Texas,city_large,978000,4917,3589,59004,3859,46310,5158,7.25,1.274,8.0,80.9,1477,1114,16,415,74,2063,1.74,22.7,numbeo
2023,Austin,Texas,city_large,978000,4828,3524,57936,4005,48060,5456,7.25,1.205,4.1,81.2,1628,1201,16,422,76,2165,1.63,24.9,numbeo
2024,Austin,Texas,city_large,978000,5346,3903,64152,4167,50000,5660,7.25,1.283,2.9,82.1,1623,1251,16,463,80,2264,1.72,23.4,numbeo
2010,Fort Worth,Texas,city_large,935000,3332,2432,39984,2820,33840,3622,7.25,1.182,1.6,66.8,1134,813,11,309,54,1500,1.62,24.4,bls_modeled
2011,Fort Worth,Texas,city_large,935000,3360,2453,40320,2872,34460,3701,7.25,1.17,3.2,66.5,1195,892,11,335,56,1611,1.52,26.5,bls_modeled
2012,Fort Worth,Texas,city_large,935000,3449,2518,41388,2896,34750,3769,7.25,1.191,2.1,68.0,1137,863,12,318,60,1591,1.58,25.0,bls_modeled
2013,Fort Worth,Texas,city_large,935000,3437,2509,41244,2923,35080,3870,7.25,1.176,1.5,68.4,1218,871,12,337,60,1620,1.55,25.3,bls_modeled
2014,Fort Worth,Texas,city_large,935000,3379,2467,40548,2962,35540,3936,7.25,1.141,1.6,67.5,1183,884,12,341,61,1639,1.51,26.2,bls_modeled
2015,Fort Worth,Texas,city_large,935000,3474,2536,41688,3017,36200,4027,7.25,1.151,0.1,68.4,1152,885,12,335,60,1633,1.55,25.5,bls_modeled
2016,Fort Worth,Texas,city_large,935000,3601,2629,43212,3087,37040,4136,7.25,1.167,1.3,68.4,1228,919,12,347,62,1683,1.56,25.5,bls_modeled
2017,Fort Worth,Texas,city_large,935000,3775,2756,45300,3141,37690,4218,7.25,1.202,2.1,69.4,1301,941,12,339,64,1701,1.62,24.9,bls_modeled
2018,Fort Worth,Texas,city_large,935000,3810,2781,45720,3220,38640,4330,7.25,1.183,2.4,69.2,1294,975,13,370,63,1788,1.56,25.6,bls_modeled
2019,Fort Worth,Texas,city_large,935000,3893,2842,46716,3318,39810,4458,7.25,1.173,1.8,70.1,1267,1007,13,356,65,1810,1.57,25.9,bls_modeled
2020,Fort Worth,Texas,city_large,935000,4199,3065,50388,3496,41950,4692,7.25,1.201,1.2,69.4,1354,958,13,377,67,1786,1.72,22.8,bls_modeled
2021,Fort Worth,Texas,city_large,935000,4552,3323,54624,3813,45760,4855,7.25,1.194,4.7,70.3,1428,1007,14,376,67,1860,1.79,22.1,bls_modeled
2022,Fort Worth,Texas,city_large,935000,4718,3444,56616,3859,46310,5158,7.25,1.223,8.0,70.3,1442,1074,15,405,74,1993,1.73,22.8,bls_modeled
2023,Fort Worth,Texas,city_large,935000,4972,3630,59664,4005,48060,5456,7.25,1.241,4.1,70.3,1527,1121,16,434,80,2101,1.73,22.5,bls_modeled
2024,Fort Worth,Texas,city_large,935000,5016,3662,60192,4167,50000,5660,7.25,1.204,2.9,70.3,1614,1143,15,448,82,2123,1.72,22.8,bls_modeled
2010,El Paso,Texas,city_medium,678000,3011,2198,36132,2820,33840,3622,7.25,1.068,1.6,57.1,803,689,10,267,46,1306,1.68,22.9,bls_modeled
2011,El Paso,Texas,city_medium,678000,3024,2208,36288,2872,34460,3701,7.25,1.053,3.2,56.6,872,656,10,288,46,1298,1.7,21.7,bls_modeled
2012,El Paso,Texas,city_medium,678000,3035,2216,36420,2896,34750,3769,7.25,1.048,2.1,58.1,837,704,10,294,46,1354,1.64,23.2,bls_modeled
2013,El Paso,Texas,city_medium,678000,3005,2194,36060,2923,35080,3870,7.25,1.028,1.5,58.3,914,710,11,299,50,1391,1.58,23.6,bls_modeled
2014,El Paso,Texas,city_medium,678000,3038,2218,36456,2962,35540,3936,7.25,1.026,1.6,57.5,929,719,10,285,47,1364,1.63,23.7,bls_modeled
2015,El Paso,Texas,city_medium,678000,3205,2340,38460,3017,36200,4027,7.25,1.062,0.1,58.9,944,698,10,293,51,1355,1.73,21.8,bls_modeled
2016,El Paso,Texas,city_medium,678000,3261,2381,39132,3087,37040,4136,7.25,1.056,1.3,58.6,903,755,11,310,49,1449,1.64,23.2,bls_modeled
2017,El Paso,Texas,city_medium,678000,3294,2405,39528,3141,37690,4218,7.25,1.049,2.1,59.3,945,733,11,301,49,1420,1.69,22.3,bls_modeled
2018,El Paso,Texas,city_medium,678000,3376,2464,40512,3220,38640,4330,7.25,1.048,2.4,58.8,923,747,11,321,50,1458,1.69,22.1,bls_modeled
2019,El Paso,Texas,city_medium,678000,3557,2597,42684,3318,39810,4458,7.25,1.072,1.8,58.7,1013,791,11,311,51,1495,1.74,22.2,bls_modeled
2020,El Paso,Texas,city_medium,678000,3790,2767,45480,3496,41950,4692,7.25,1.084,1.2,60.3,971,747,11,323,52,1466,1.89,19.7,bls_modeled
2021,El Paso,Texas,city_medium,678000,4233,3090,50796,3813,45760,4855,7.25,1.11,4.7,59.9,1059,845,12,344,55,1614,1.91,20.0,bls_modeled
2022,El Paso,Texas,city_medium,678000,4100,2993,49200,3859,46310,5158,7.25,1.062,8.0,59.5,1068,886,13,360,63,1709,1.75,21.6,bls_modeled
2023,El Paso,Texas,city_medium,678000,4294,3135,51528,4005,48060,5456,7.25,1.072,4.1,60.9,1205,901,13,370,65,1742,1.8,21.0,bls_modeled
2024,El Paso,Texas,city_medium,678000,4665,3405,55980,4167,50000,5660,7.25,1.12,2.9,60.4,1259,995,14,400,64,1889,1.8,21.3,bls_modeled
2010,Lubbock,Texas,city_small,258000,2662,1943,31944,2820,33840,3622,7.25,0.944,1.6,49.6,677,521,8,244,32,1061,1.83,19.6,bls_modeled
2011,Lubbock,Texas,city_small,258000,2836,2070,34032,2872,34460,3701,7.25,0.987,3.2,50.8,657,527,9,242,31,1088,1.9,18.6,bls_modeled
2012,Lubbock,Texas,city_small,258000,2705,1975,32460,2896,34750,3769,7.25,0.934,2.1,51.0,671,575,9,266,32,1163,1.7,21.3,bls_modeled
2013,Lubbock,Texas,city_small,258000,2929,2138,35148,2923,35080,3870,7.25,1.002,1.5,50.8,738,559,9,269,34,1154,1.85,19.1,bls_modeled
2014,Lubbock,Texas,city_small,258000,2791,2037,33492,2962,35540,3936,7.25,0.942,1.6,51.1,745,563,9,272,35,1163,1.75,20.2,bls_modeled
2015,Lubbock,Texas,city_small,258000,2927,2137,35124,3017,36200,4027,7.25,0.97,0.1,51.5,697,598,9,255,35,1181,1.81,20.4,bls_modeled
2016,Lubbock,Texas,city_small,258000,3054,2229,36648,3087,37040,4136,7.25,0.989,1.3,52.0,713,555,9,269,36,1155,1.93,18.2,bls_modeled
2017,Lubbock,Texas,city_small,258000,3170,2314,38040,3141,37690,4218,7.25,1.009,2.1,52.4,742,566,10,282,35,1200,1.93,17.9,bls_modeled
2018,Lubbock,Texas,city_small,258000,3139,2291,37668,3220,38640,4330,7.25,0.975,2.4,51.4,792,580,9,275,37,1192,1.92,18.5,bls_modeled
2019,Lubbock,Texas,city_small,258000,3309,2416,39708,3318,39810,4458,7.25,0.997,1.8,51.7,780,634,10,275,36,1267,1.91,19.2,bls_modeled
2020,Lubbock,Texas,city_small,258000,3389,2474,40668,3496,41950,4692,7.25,0.969,1.2,52.1,777,607,10,299,38,1268,1.95,17.9,bls_modeled
2021,Lubbock,Texas,city_small,258000,3838,2802,46056,3813,45760,4855,7.25,1.007,4.7,53.1,852,649,10,293,39,1311,2.14,16.9,bls_modeled
2022,Lubbock,Texas,city_small,258000,3812,2783,45744,3859,46310,5158,7.25,0.988,8.0,52.8,891,711,11,326,40,1437,1.94,18.7,bls_modeled
2023,Lubbock,Texas,city_small,258000,3925,2865,47100,4005,48060,5456,7.25,0.98,4.1,52.2,892,725,11,342,44,1477,1.94,18.5,bls_modeled
2024,Lubbock,Texas,city_small,258000,4136,3019,49632,4167,50000,5660,7.25,0.993,2.9,52.6,924,769,11,347,45,1531,1.97,18.6,bls_modeled
2010,Phoenix,Arizona,city_large,1608000,2733,1995,32796,2820,33840,3622,7.25,0.969,1.6,70.2,1092,817,12,323,55,1539,1.3,29.9,numbeo
2011,Phoenix,Arizona,city_large,1608000,2748,2006,32976,2872,34460,3701,7.25,0.957,3.2,70.9,1203,855,11,326,58,1567,1.28,31.1,numbeo
2012,Phoenix,Arizona,city_large,1608000,2835,2070,34020,2896,34750,3769,7.25,0.979,2.1,69.7,1166,857,11,335,58,1580,1.31,30.2,numbeo
2013,Phoenix,Arizona,city_large,1608000,2884,2105,34608,2923,35080,3870,7.25,0.987,1.5,70.1,1205,934,11,344,60,1670,1.26,32.4,numbeo
2014,Phoenix,Arizona,city_large,1608000,2889,2109,34668,2962,35540,3936,7.25,0.975,1.6,71.6,1209,907,13,335,60,1675,1.26,31.4,numbeo
2015,Phoenix,Arizona,city_large,1608000,2921,2132,35052,3017,36200,4027,7.25,0.968,0.1,70.8,1210,897,12,339,61,1650,1.29,30.7,numbeo
2016,Phoenix,Arizona,city_large,1608000,3048,2225,36576,3087,37040,4136,7.25,0.987,1.3,71.6,1253,919,12,332,60,1666,1.34,30.2,numbeo
2017,Phoenix,Arizona,city_large,1608000,3227,2356,38724,3141,37690,4218,7.25,1.027,2.1,71.3,1277,964,12,340,62,1723,1.37,29.9,numbeo
2018,Phoenix,Arizona,city_large,1608000,3251,2373,39012,3220,38640,4330,7.25,1.01,2.4,71.1,1306,935,12,373,64,1732,1.37,28.8,numbeo
2019,Phoenix,Arizona,city_large,1608000,3247,2370,38964,3318,39810,4458,7.25,0.979,1.8,72.3,1367,991,13,372,64,1809,1.31,30.5,numbeo
2020,Phoenix,Arizona,city_large,1608000,3499,2554,41988,3496,41950,4692,7.25,1.001,1.2,72.5,1289,953,14,375,64,1796,1.42,27.2,numbeo
2021,Phoenix,Arizona,city_large,1608000,3900,2847,46800,3813,45760,4855,7.25,1.023,4.7,72.7,1354,1048,14,399,70,1927,1.48,26.9,numbeo
2022,Phoenix,Arizona,city_large,1608000,4014,2930,48168,3859,46310,5158,7.25,1.04,8.0,73.0,1429,1093,16,435,72,2060,1.42,27.2,numbeo
2023,Phoenix,Arizona,city_large,1608000,4053,2959,48636,4005,48060,5456,7.25,1.012,4.1,72.9,1590,1127,16,452,80,2125,1.39,27.8,numbeo
2024,Phoenix,Arizona,city_large,1608000,4278,3123,51336,4167,50000,5660,7.25,1.027,2.9,73.4,1590,1229,15,467,79,2225,1.4,28.7,numbeo
2010,Tucson,Arizona,city_large,542000,2417,1764,29004,2820,33840,3622,7.25,0.857,1.6,62.8,1068,829,11,313,57,1523,1.16,34.3,numbeo
2011,Tucson,Arizona,city_large,542000,2323,1696,27876,2872,34460,3701,7.25,0.809,3.2,61.9,1185,897,12,311,58,1614,1.05,38.6,numbeo
2012,Tucson,Arizona,city_large,542000,2428,1772,29136,2896,34750,3769,7.25,0.838,2.1,62.6,1151,913,12,340,59,1662,1.07,37.6,numbeo
2013,Tucson,Arizona,city_large,542000,2419,1766,29028,2923,35080,3870,7.25,0.828,1.5,63.3,1169,911,12,341,59,1663,1.06,37.7,numbeo
2014,Tucson,Arizona,city_large,542000,2428,1772,29136,2962,35540,3936,7.25,0.82,1.6,63.1,1242,863,12,343,59,1618,1.1,35.5,numbeo
2015,Tucson,Arizona,city_large,542000,2637,1925,31644,3017,36200,4027,7.25,0.874,0.1,64.0,1156,924,12,345,60,1682,1.14,35.0,numbeo
2016,Tucson,Arizona,city_large,542000,2661,1943,31932,3087,37040,4136,7.25,0.862,1.3,64.3,1259,875,13,346,63,1659,1.17,32.9,numbeo
2017,Tucson,Arizona,city_large,542000,2625,1916,31500,3141,37690,4218,7.25,0.836,2.1,63.3,1228,935,13,361,63,1736,1.1,35.6,numbeo
2018,Tucson,Arizona,city_large,542000,2701,1972,32412,3220,38640,4330,7.25,0.839,2.4,64.5,1265,950,13,365,65,1760,1.12,35.2,numbeo
2019,Tucson,Arizona,city_large,542000,2819,2058,33828,3318,39810,4458,7.25,0.85,1.8,64.6,1345,973,13,361,66,1782,1.15,34.5,numbeo
2020,Tucson,Arizona,city_large,542000,2980,2175,35760,3496,41950,4692,7.25,0.852,1.2,63.7,1373,964,13,373,64,1785,1.22,32.3,numbeo
2021,Tucson,Arizona,city_large,542000,3254,2375,39048,3813,45760,4855,7.25,0.853,4.7,64.6,1406,1045,14,382,67,1904,1.25,32.1,numbeo
2022,Tucson,Arizona,city_large,542000,3315,2420,39780,3859,46310,5158,7.25,0.859,8.0,65.2,1480,1086,15,428,74,2028,1.19,32.8,numbeo
2023,Tucson,Arizona,city_large,542000,3614,2638,43368,4005,48060,5456,7.25,0.902,4.1,64.4,1483,1196,16,443,76,2181,1.21,33.1,numbeo
2024,Tucson,Arizona,city_large,542000,3677,2684,44124,4167,50000,5660,7.25,0.882,2.9,64.5,1595,1170,16,457,79,2176,1.23,31.8,numbeo
2010,Albuquerque,New Mexico,city_large,564000,2452,1790,29424,2820,33840,3622,7.25,0.87,1.6,60.8,1113,859,11,309,56,1548,1.16,35.0,numbeo
2011,Albuquerque,New Mexico,city_large,564000,2360,1723,28320,2872,34460,3701,7.25,0.822,3.2,60.0,1157,849,11,313,56,1546,1.11,36.0,numbeo
2012,Albuquerque,New Mexico,city_large,564000,2521,1840,30252,2896,34750,3769,7.25,0.871,2.1,60.4,1230,870,12,339,59,1618,1.14,34.5,numbeo
2013,Albuquerque,New Mexico,city_large,564000,2516,1837,30192,2923,35080,3870,7.25,0.861,1.5,60.5,1175,894,12,345,59,1650,1.11,35.5,numbeo
2014,Albuquerque,New Mexico,city_large,564000,2632,1921,31584,2962,35540,3936,7.25,0.889,1.6,61.7,1252,867,12,345,61,1626,1.18,32.9,numbeo
2015,Albuquerque,New Mexico,city_large,564000,2633,1922,31596,3017,36200,4027,7.25,0.873,0.1,60.9,1232,869,12,339,59,1620,1.19,33.0,numbeo
2016,Albuquerque,New Mexico,city_large,564000,2612,1907,31344,3087,37040,4136,7.25,0.846,1.3,61.1,1199,935,12,341,60,1691,1.13,35.8,numbeo
2017,Albuquerque,New Mexico,city_large,564000,2791,2037,33492,3141,37690,4218,7.25,0.889,2.1,61.6,1240,957,12,363,62,1739,1.17,34.3,numbeo
2018,Albuquerque,New Mexico,city_large,564000,2809,2051,33708,3220,38640,4330,7.25,0.872,2.4,62.0,1246,982,12,371,67,1780,1.15,35.0,numbeo
2019,Albuquerque,New Mexico,city_large,564000,2866,2092,34392,3318,39810,4458,7.25,0.864,1.8,61.6,1340,936,13,361,63,1742,1.2,32.7,numbeo
2020,Albuquerque,New Mexico,city_large,564000,3015,2201,36180,3496,41950,4692,7.25,0.862,1.2,61.9,1338,1017,14,379,66,1866,1.18,33.7,numbeo
2021,Albuquerque,New Mexico,city_large,564000,3343,2440,40116,3813,45760,4855,7.25,0.877,4.7,62.3,1385,1043,14,402,70,1925,1.27,31.2,numbeo
2022,Albuquerque,New Mexico,city_large,564000,3318,2422,39816,3859,46310,5158,7.25,0.86,8.0,62.1,1564,1166,15,424,77,2107,1.15,35.1,numbeo
2023,Albuquerque,New Mexico,city_large,564000,3487,2546,41844,4005,48060,5456,7.25,0.871,4.1,62.2,1481,1157,15,436,79,2118,1.2,33.2,numbeo
2024,Albuquerque,New Mexico,city_large,564000,3717,2713,44604,4167,50000,5660,7.25,0.892,2.9,63.4,1539,1213,15,435,80,2178,1.25,32.6,numbeo
2010,Oklahoma City,Oklahoma,city_large,681000,2344,1711,28128,2820,33840,3622,7.25,0.831,1.6,56.5,1058,820,11,318,58,1520,1.13,35.0,numbeo
2011,Oklahoma City,Oklahoma,city_large,681000,2419,1766,29028,2872,34460,3701,7.25,0.842,3.2,56.2,1184,871,11,334,57,1590,1.11,36.0,numbeo
2012,Oklahoma City,Oklahoma,city_large,681000,2322,1695,27864,2896,34750,3769,7.25,0.802,2.1,56.8,1136,890,11,336,60,1616,1.05,38.3,numbeo
2013,Oklahoma City,Oklahoma,city_large,681000,2483,1813,29796,2923,35080,3870,7.25,0.849,1.5,56.5,1217,881,12,336,60,1629,1.11,35.5,numbeo
2014,Oklahoma City,Oklahoma,city_large,681000,2448,1787,29376,2962,35540,3936,7.25,0.826,1.6,57.7,1205,915,12,343,59,1670,1.07,37.4,numbeo
2015,Oklahoma City,Oklahoma,city_large,681000,2564,1872,30768,3017,36200,4027,7.25,0.85,0.1,56.8,1191,918,12,345,58,1674,1.12,35.8,numbeo
2016,Oklahoma City,Oklahoma,city_large,681000,2647,1932,31764,3087,37040,4136,7.25,0.857,1.3,58.3,1263,924,13,332,62,1693,1.14,34.9,numbeo
2017,Oklahoma City,Oklahoma,city_large,681000,2606,1902,31272,3141,37690,4218,7.25,0.83,2.1,58.3,1224,896,12,346,64,1663,1.14,34.4,numbeo
2018,Oklahoma City,Oklahoma,city_large,681000,2638,1926,31656,3220,38640,4330,7.25,0.819,2.4,57.9,1272,986,13,369,66,1801,1.07,37.4,numbeo
2019,Oklahoma City,Oklahoma,city_large,681000,2809,2051,33708,3318,39810,4458,7.25,0.847,1.8,57.8,1328,1023,13,364,63,1832,1.12,36.4,numbeo
2020,Oklahoma City,Oklahoma,city_large,681000,2969,2167,35628,3496,41950,4692,7.25,0.849,1.2,58.3,1383,978,13,370,68,1800,1.2,32.9,numbeo
2021,Oklahoma City,Oklahoma,city_large,681000,3181,2322,38172,3813,45760,4855,7.25,0.834,4.7,57.8,1417,997,14,389,70,1866,1.24,31.3,numbeo
2022,Oklahoma City,Oklahoma,city_large,681000,3258,2378,39096,3859,46310,5158,7.25,0.844,8.0,58.9,1515,1094,15,409,75,2018,1.18,33.6,numbeo
2023,Oklahoma City,Oklahoma,city_large,681000,3341,2439,40092,4005,48060,5456,7.25,0.834,4.1,59.6,1527,1213,16,450,76,2205,1.11,36.3,numbeo
2024,Oklahoma City,Oklahoma,city_large,681000,3584,2616,43008,4167,50000,5660,7.25,0.86,2.9,59.3,1539,1256,16,460,77,2263,1.16,35.0,numbeo
2010,Tulsa,Oklahoma,city_medium,413000,2466,1800,29592,2820,33840,3622,7.25,0.874,1.6,53.3,804,680,9,275,45,1284,1.4,27.6,bls_modeled
2011,Tulsa,Oklahoma,city_medium,413000,2532,1848,30384,2872,34460,3701,7.25,0.882,3.2,54.6,894,682,10,277,48,1315,1.41,26.9,bls_modeled
2012,Tulsa,Oklahoma,city_medium,413000,2429,1773,29148,2896,34750,3769,7.25,0.839,2.1,54.3,883,700,10,277,47,1334,1.33,28.8,bls_modeled
2013,Tulsa,Oklahoma,city_medium,413000,2578,1882,30936,2923,35080,3870,7.25,0.882,1.5,53.7,915,702,11,296,47,1377,1.37,27.2,bls_modeled
2014,Tulsa,Oklahoma,city_medium,413000,2515,1836,30180,2962,35540,3936,7.25,0.849,1.6,54.2,865,750,11,289,51,1423,1.29,29.8,bls_modeled
2015,Tulsa,Oklahoma,city_medium,413000,2703,1973,32436,3017,36200,4027,7.25,0.896,0.1,54.9,945,707,11,290,48,1378,1.43,26.2,bls_modeled
2016,Tulsa,Oklahoma,city_medium,413000,2700,1971,32400,3087,37040,4136,7.25,0.875,1.3,54.6,932,736,11,308,48,1427,1.38,27.3,bls_modeled
2017,Tulsa,Oklahoma,city_medium,413000,2681,1957,32172,3141,37690,4218,7.25,0.854,2.1,55.9,913,767,11,304,53,1461,1.34,28.6,bls_modeled
2018,Tulsa,Oklahoma,city_medium,413000,2900,2117,34800,3220,38640,4330,7.25,0.901,2.4,55.7,968,728,11,322,50,1440,1.47,25.1,bls_modeled
2019,Tulsa,Oklahoma,city_medium,413000,2876,2099,34512,3318,39810,4458,7.25,0.867,1.8,55.0,976,748,12,331,53,1494,1.4,26.0,bls_modeled
2020,Tulsa,Oklahoma,city_medium,413000,3021,2205,36252,3496,41950,4692,7.25,0.864,1.2,56.3,1027,749,11,324,53,1470,1.5,24.8,bls_modeled
2021,Tulsa,Oklahoma,city_medium,413000,3372,2462,40464,3813,45760,4855,7.25,0.884,4.7,56.6,1077,856,12,346,54,1626,1.51,25.4,bls_modeled
2022,Tulsa,Oklahoma,city_medium,413000,3325,2427,39900,3859,46310,5158,7.25,0.862,8.0,56.0,1171,922,13,371,59,1752,1.39,27.7,bls_modeled
2023,Tulsa,Oklahoma,city_medium,413000,3667,2677,44004,4005,48060,5456,7.25,0.916,4.1,56.9,1183,946,13,376,64,1792,1.49,25.8,bls_modeled
2024,Tulsa,Oklahoma,city_medium,413000,3714,2711,44568,4167,50000,5660,7.25,0.891,2.9,57.5,1162,972,15,380,63,1865,1.45,26.2,bls_modeled
2010,Denver,Colorado,city_large,715000,3190,2329,38280,2820,33840,3622,7.25,1.131,1.6,80.4,1102,842,12,320,56,1562,1.49,26.4,numbeo
2011,Denver,Colorado,city_large,715000,3112,2272,37344,2872,34460,3701,7.25,1.084,3.2,80.5,1153,832,11,324,56,1540,1.48,26.7,numbeo
2012,Denver,Colorado,city_large,715000,3257,2378,39084,2896,34750,3769,7.25,1.125,2.1,80.9,1166,846,11,328,57,1561,1.52,26.0,numbeo
2013,Denver,Colorado,city_large,715000,3274,2390,39288,2923,35080,3870,7.25,1.12,1.5,80.1,1221,927,12,335,60,1674,1.43,28.3,numbeo
2014,Denver,Colorado,city_large,715000,3313,2418,39756,2962,35540,3936,7.25,1.119,1.6,80.3,1199,914,12,346,60,1673,1.45,27.6,numbeo
2015,Denver,Colorado,city_large,715000,3490,2548,41880,3017,36200,4027,7.25,1.157,0.1,80.5,1263,879,13,334,59,1645,1.55,25.2,numbeo
2016,Denver,Colorado,city_large,715000,3619,2642,43428,3087,37040,4136,7.25,1.172,1.3,81.1,1194,875,12,336,61,1627,1.62,24.2,numbeo
2017,Denver,Colorado,city_large,715000,3586,2618,43032,3141,37690,4218,7.25,1.142,2.1,81.8,1308,952,13,348,64,1741,1.5,26.5,numbeo
2018,Denver,Colorado,city_large,715000,3791,2767,45492,3220,38640,4330,7.25,1.177,2.4,81.4,1326,971,13,367,64,1782,1.55,25.6,numbeo
2019,Denver,Colorado,city_large,715000,4009,2927,48108,3318,39810,4458,7.25,1.208,1.8,82.3,1331,977,13,355,63,1777,1.65,24.4,numbeo
2020,Denver,Colorado,city_large,715000,4219,3080,50628,3496,41950,4692,7.25,1.207,1.2,82.8,1324,1037,13,374,68,1863,1.65,24.6,numbeo
2021,Denver,Colorado,city_large,715000,4725,3449,56700,3813,45760,4855,7.25,1.239,4.7,83.1,1359,1064,14,379,68,1921,1.8,22.5,numbeo
2022,Denver,Colorado,city_large,715000,4869,3554,58428,3859,46310,5158,7.25,1.262,8.0,82.2,1517,1095,15,422,74,2031,1.75,22.5,numbeo
2023,Denver,Colorado,city_large,715000,4933,3601,59196,4005,48060,5456,7.25,1.232,4.1,82.2,1574,1112,16,431,75,2084,1.73,22.5,numbeo
2024,Denver,Colorado,city_large,715000,5277,3852,63324,4167,50000,5660,7.25,1.266,2.9,82.4,1674,1179,16,466,78,2193,1.76,22.3,numbeo
2010,Colorado Springs,Colorado,city_medium,478000,3219,2350,38628,2820,33840,3622,7.25,1.141,1.6,58.6,864,691,9,266,44,1285,1.83,21.5,bls_modeled
2011,Colorado Springs,Colorado,city_medium,478000,3308,2415,39696,2872,34460,3701,7.25,1.152,3.2,59.1,846,670,10,279,46,1303,1.85,20.3,bls_modeled
2012,Colorado Springs,Colorado,city_medium,478000,3349,2445,40188,2896,34750,3769,7.25,1.156,2.1,58.6,919,681,10,280,48,1319,1.85,20.3,bls_modeled
2013,Colorado Springs,Colorado,city_medium,478000,3387,2473,40644,2923,35080,3870,7.25,1.159,1.5,60.5,849,683,10,302,50,1347,1.84,20.2,bls_modeled
2014,Colorado Springs,Colorado,city_medium,478000,3463,2528,41556,2962,35540,3936,7.25,1.169,1.6,60.0,922,716,11,298,49,1396,1.81,20.7,bls_modeled
2015,Colorado Springs,Colorado,city_medium,478000,3457,2524,41484,3017,36200,4027,7.25,1.146,0.1,60.1,934,713,11,306,50,1402,1.8,20.6,bls_modeled
2016,Colorado Springs,Colorado,city_medium,478000,3629,2649,43548,3087,37040,4136,7.25,1.176,1.3,61.4,875,746,10,311,50,1422,1.86,20.6,bls_modeled
2017,Colorado Springs,Colorado,city_medium,478000,3816,2786,45792,3141,37690,4218,7.25,1.215,2.1,60.9,945,758,11,302,50,1447,1.93,19.9,bls_modeled
2018,Colorado Springs,Colorado,city_medium,478000,3905,2851,46860,3220,38640,4330,7.25,1.213,2.4,62.3,961,783,11,315,53,1491,1.91,20.1,bls_modeled
2019,Colorado Springs,Colorado,city_medium,478000,3942,2878,47304,3318,39810,4458,7.25,1.188,1.8,61.3,1002,790,11,316,54,1502,1.92,20.0,bls_modeled
2020,Colorado Springs,Colorado,city_medium,478000,4277,3122,51324,3496,41950,4692,7.25,1.223,1.2,61.8,1033,797,12,317,56,1534,2.04,18.6,bls_modeled
2021,Colorado Springs,Colorado,city_medium,478000,4662,3403,55944,3813,45760,4855,7.25,1.223,4.7,63.6,1025,791,12,346,54,1561,2.18,17.0,bls_modeled
2022,Colorado Springs,Colorado,city_medium,478000,4933,3601,59196,3859,46310,5158,7.25,1.278,8.0,63.9,1134,900,13,356,60,1716,2.1,18.2,bls_modeled
2023,Colorado Springs,Colorado,city_medium,478000,5087,3714,61044,4005,48060,5456,7.25,1.27,4.1,63.4,1137,946,13,367,61,1780,2.09,18.6,bls_modeled
2024,Colorado Springs,Colorado,city_medium,478000,5453,3981,65436,4167,50000,5660,7.25,1.309,2.9,63.3,1199,935,13,391,65,1801,2.21,17.1,bls_modeled
2010,Salt Lake City,Utah,city_large,200000,2780,2029,33360,2820,33840,3622,7.25,0.986,1.6,70.2,1082,843,11,302,57,1526,1.33,30.3,numbeo
2011,Salt Lake City,Utah,city_large,200000,2953,2156,35436,2872,34460,3701,7.25,1.028,3.2,69.7,1180,848,12,322,58,1576,1.37,28.7,numbeo
2012,Salt Lake City,Utah,city_large,200000,2926,2136,35112,2896,34750,3769,7.25,1.01,2.1,71.1,1145,921,12,319,57,1647,1.3,31.5,numbeo
2013,Salt Lake City,Utah,city_large,200000,2898,2116,34776,2923,35080,3870,7.25,0.991,1.5,70.0,1168,919,12,332,60,1663,1.27,31.7,numbeo
2014,Salt Lake City,Utah,city_large,200000,3160,2307,37920,2962,35540,3936,7.25,1.067,1.6,70.9,1179,903,12,336,62,1654,1.39,28.6,numbeo
2015,Salt Lake City,Utah,city_large,200000,3175,2318,38100,3017,36200,4027,7.25,1.052,0.1,70.4,1230,884,12,351,60,1648,1.41,27.8,numbeo
2016,Salt Lake City,Utah,city_large,200000,3172,2316,38064,3087,37040,4136,7.25,1.028,1.3,71.0,1213,916,12,353,61,1685,1.37,28.9,numbeo
2017,Salt Lake City,Utah,city_large,200000,3409,2489,40908,3141,37690,4218,7.25,1.085,2.1,70.7,1234,945,13,366,61,1749,1.42,27.7,numbeo
2018,Salt Lake City,Utah,city_large,200000,3533,2579,42396,3220,38640,4330,7.25,1.097,2.4,72.1,1270,991,13,353,65,1789,1.44,28.0,numbeo
2019,Salt Lake City,Utah,city_large,200000,3482,2542,41784,3318,39810,4458,7.25,1.049,1.8,72.7,1290,990,13,380,67,1819,1.4,28.4,numbeo
2020,Salt Lake City,Utah,city_large,200000,3806,2778,45672,3496,41950,4692,7.25,1.089,1.2,72.1,1324,976,14,371,65,1816,1.53,25.6,numbeo
2021,Salt Lake City,Utah,city_large,200000,4085,2982,49020,3813,45760,4855,7.25,1.071,4.7,73.0,1401,1041,13,396,67,1894,1.57,25.5,numbeo
2022,Salt Lake City,Utah,city_large,200000,4250,3102,51000,3859,46310,5158,7.25,1.101,8.0,72.2,1510,1143,15,414,72,2069,1.5,26.9,numbeo
2023,Salt Lake City,Utah,city_large,200000,4459,3255,53508,4005,48060,5456,7.25,1.113,4.1,72.9,1623,1132,15,450,80,2108,1.54,25.4,numbeo
2024,Salt Lake City,Utah,city_large,200000,4496,3282,53952,4167,50000,5660,7.25,1.079,2.9,72.8,1597,1240,17,433,81,2244,1.46,27.6,numbeo
2010,Las Vegas,Nevada,city_large,641000,2578,1882,30936,2820,33840,3622,7.25,0.914,1.6,67.5,1106,818,11,305,54,1501,1.25,31.7,numbeo
2011,Las Vegas,Nevada,city_large,641000,2728,1991,32736,2872,34460,3701,7.25,0.95,3.2,68.1,1107,824,12,322,56,1550,1.28,30.2,numbeo
2012,Las Vegas,Nevada,city_large,641000,2663,1944,31956,2896,34750,3769,7.25,0.92,2.1,68.0,1133,880,11,340,60,1610,1.21,33.0,numbeo
2013,Las Vegas,Nevada,city_large,641000,2675,1953,32100,2923,35080,3870,7.25,0.915,1.5,68.2,1208,918,12,338,60,1668,1.17,34.3,numbeo
2014,Las Vegas,Nevada,city_large,641000,2763,2017,33156,2962,35540,3936,7.25,0.933,1.6,68.9,1234,922,12,351,61,1687,1.2,33.4,numbeo
2015,Las Vegas,Nevada,city_large,641000,2907,2122,34884,3017,36200,4027,7.25,0.964,0.1,68.4,1215,948,13,353,61,1735,1.22,32.6,numbeo
2016,Las Vegas,Nevada,city_large,641000,2863,2090,34356,3087,37040,4136,7.25,0.927,1.3,68.7,1186,963,13,352,60,1750,1.19,33.6,numbeo
2017,Las Vegas,Nevada,city_large,641000,2957,2159,35484,3141,37690,4218,7.25,0.941,2.1,68.9,1312,898,13,351,63,1689,1.28,30.4,numbeo
2018,Las Vegas,Nevada,city_large,641000,2967,2166,35604,3220,38640,4330,7.25,0.921,2.4,69.6,1298,1008,13,353,64,1805,1.2,34.0,numbeo
2019,Las Vegas,Nevada,city_large,641000,3088,2254,37056,3318,39810,4458,7.25,0.931,1.8,69.2,1370,1027,12,368,63,1820,1.24,33.3,numbeo
2020,Las Vegas,Nevada,city_large,641000,3352,2447,40224,3496,41950,4692,7.25,0.959,1.2,70.5,1385,1026,13,369,67,1846,1.33,30.6,numbeo
2021,Las Vegas,Nevada,city_large,641000,3651,2665,43812,3813,45760,4855,7.25,0.958,4.7,71.1,1399,994,14,379,68,1851,1.44,27.2,numbeo
2022,Las Vegas,Nevada,city_large,641000,3783,2762,45396,3859,46310,5158,7.25,0.98,8.0,70.8,1529,1099,15,405,73,2017,1.37,29.1,numbeo
2023,Las Vegas,Nevada,city_large,641000,3717,2713,44604,4005,48060,5456,7.25,0.928,4.1,71.3,1493,1224,16,427,80,2197,1.23,32.9,numbeo
2024,Las Vegas,Nevada,city_large,641000,4052,2958,48624,4167,50000,5660,7.25,0.972,2.9,70.4,1595,1217,17,457,80,2244,1.32,30.0,numbeo
2010,Reno,Nevada,city_medium,264000,2758,2013,33096,2820,33840,3622,7.25,0.978,1.6,56.4,869,673,10,268,44,1289,1.56,24.4,bls_modeled
2011,Reno,Nevada,city_medium,264000,2861,2089,34332,2872,34460,3701,7.25,0.996,3.2,55.6,903,651,10,287,47,1293,1.62,22.8,bls_modeled
2012,Reno,Nevada,city_medium,264000,2764,2018,33168,2896,34750,3769,7.25,0.954,2.1,55.6,884,711,10,281,47,1349,1.5,25.7,bls_modeled
2013,Reno,Nevada,city_medium,264000,2794,2040,33528,2923,35080,3870,7.25,0.956,1.5,56.3,877,723,10,287,48,1370,1.49,25.9,bls_modeled
2014,Reno,Nevada,city_medium,264000,2897,2115,34764,2962,35540,3936,7.25,0.978,1.6,57.6,898,727,11,287,49,1396,1.52,25.1,bls_modeled
2015,Reno,Nevada,city_medium,264000,3065,2237,36780,3017,36200,4027,7.25,1.016,0.1,56.4,870,739,11,306,51,1429,1.57,24.1,bls_modeled
2016,Reno,Nevada,city_medium,264000,3048,2225,36576,3087,37040,4136,7.25,0.987,1.3,56.7,920,696,10,298,49,1358,1.64,22.8,bls_modeled
2017,Reno,Nevada,city_medium,264000,3153,2302,37836,3141,37690,4218,7.25,1.004,2.1,57.3,927,707,10,302,52,1378,1.67,22.4,bls_modeled
2018,Reno,Nevada,city_medium,264000,3210,2343,38520,3220,38640,4330,7.25,0.997,2.4,58.4,1002,757,12,318,52,1487,1.58,23.6,bls_modeled
2019,Reno,Nevada,city_medium,264000,3452,2520,41424,3318,39810,4458,7.25,1.04,1.8,58.6,940,782,12,327,54,1525,1.65,22.7,bls_modeled
2020,Reno,Nevada,city_medium,264000,3430,2504,41160,3496,41950,4692,7.25,0.981,1.2,58.9,987,794,11,310,56,1504,1.66,23.1,bls_modeled
2021,Reno,Nevada,city_medium,264000,3855,2814,46260,3813,45760,4855,7.25,1.011,4.7,57.8,1042,815,12,341,58,1584,1.78,21.1,bls_modeled
2022,Reno,Nevada,city_medium,264000,3928,2867,47136,3859,46310,5158,7.25,1.018,8.0,58.4,1105,858,13,364,62,1684,1.7,21.8,bls_modeled
2023,Reno,Nevada,city_medium,264000,4039,2948,48468,4005,48060,5456,7.25,1.008,4.1,58.5,1215,924,14,385,65,1800,1.64,22.9,bls_modeled
2024,Reno,Nevada,city_medium,264000,4213,3075,50556,4167,50000,5660,7.25,1.011,2.9,58.4,1145,974,14,391,63,1858,1.66,23.1,bls_modeled
2010,Los Angeles,California,megalopolis,3898000,3350,2446,40200,2820,33840,3622,7.25,1.188,1.6,90.8,2564,1954,16,411,88,2877,0.85,58.3,numbeo
2011,Los Angeles,California,megalopolis,3898000,3547,2589,42564,2872,34460,3701,7.25,1.235,3.2,91.6,2719,2013,16,433,92,2966,0.87,56.8,numbeo
2012,Los Angeles,California,megalopolis,3898000,3687,2692,44244,2896,34750,3769,7.25,1.273,2.1,91.6,2897,1994,17,443,94,2981,0.9,54.1,numbeo
2013,Los Angeles,California,megalopolis,3898000,3749,2737,44988,2923,35080,3870,7.25,1.283,1.5,92.0,2864,2151,16,445,95,3123,0.88,57.4,numbeo
2014,Los Angeles,California,megalopolis,3898000,3780,2759,45360,2962,35540,3936,7.25,1.276,1.6,92.6,2943,2097,17,447,100,3097,0.89,55.5,numbeo
2015,Los Angeles,California,megalopolis,3898000,3814,2784,45768,3017,36200,4027,7.25,1.264,0.1,92.7,2964,2110,17,438,100,3101,0.9,55.3,numbeo
2016,Los Angeles,California,megalopolis,3898000,3989,2912,47868,3087,37040,4136,7.25,1.292,1.3,93.3,2848,2077,17,453,100,3085,0.94,52.1,numbeo
2017,Los Angeles,California,megalopolis,3898000,3964,2894,47568,3141,37690,4218,7.25,1.262,2.1,93.1,3115,2141,17,471,103,3172,0.91,54.0,numbeo
2018,Los Angeles,California,megalopolis,3898000,4232,3089,50784,3220,38640,4330,7.25,1.314,2.4,92.6,2991,2140,18,463,108,3191,0.97,50.6,numbeo
2019,Los Angeles,California,megalopolis,3898000,4200,3066,50400,3318,39810,4458,7.25,1.266,1.8,93.0,3022,2318,18,484,107,3391,0.9,55.2,numbeo
2020,Los Angeles,California,megalopolis,3898000,4714,3441,56568,3496,41950,4692,7.25,1.348,1.2,94.5,3057,2213,18,503,110,3310,1.04,46.9,numbeo
2021,Los Angeles,California,megalopolis,3898000,5073,3703,60876,3813,45760,4855,7.25,1.33,4.7,94.9,3333,2305,19,522,113,3450,1.07,45.4,numbeo
2022,Los Angeles,California,megalopolis,3898000,5226,3815,62712,3859,46310,5158,7.25,1.354,8.0,94.1,3399,2540,20,572,117,3769,1.01,48.6,numbeo
2023,Los Angeles,California,megalopolis,3898000,5316,3881,63792,4005,48060,5456,7.25,1.327,4.1,94.6,3804,2634,21,585,129,3914,0.99,49.5,numbeo
2024,Los Angeles,California,megalopolis,3898000,5425,3960,65100,4167,50000,5660,7.25,1.302,2.9,94.3,3982,2764,23,596,127,4097,0.97,50.9,numbeo
2010,San Diego,California,city_large,1386000,3292,2403,39504,2820,33840,3622,7.25,1.167,1.6,88.6,1121,843,11,324,54,1545,1.56,25.6,numbeo
2011,San Diego,California,city_large,1386000,3353,2448,40236,2872,34460,3701,7.25,1.167,3.2,90.2,1195,858,12,328,58,1592,1.54,25.6,numbeo
2012,San Diego,California,city_large,1386000,3625,2646,43500,2896,34750,3769,7.25,1.252,2.1,89.2,1130,884,12,340,57,1631,1.62,24.4,numbeo
2013,San Diego,California,city_large,1386000,3682,2688,44184,2923,35080,3870,7.25,1.26,1.5,89.4,1167,874,12,336,60,1622,1.66,23.7,numbeo
2014,San Diego,California,city_large,1386000,3656,2669,43872,2962,35540,3936,7.25,1.234,1.6,90.1,1237,945,12,329,63,1690,1.58,25.8,numbeo
2015,San Diego,California,city_large,1386000,3795,2770,45540,3017,36200,4027,7.25,1.258,0.1,90.8,1231,902,12,344,62,1661,1.67,23.8,numbeo
2016,San Diego,California,city_large,1386000,3880,2832,46560,3087,37040,4136,7.25,1.257,1.3,90.3,1215,961,12,358,63,1737,1.63,24.8,numbeo
2017,San Diego,California,city_large,1386000,3879,2832,46548,3141,37690,4218,7.25,1.235,2.1,91.2,1219,948,12,345,63,1713,1.65,24.4,numbeo
2018,San Diego,California,city_large,1386000,4171,3045,50052,3220,38640,4330,7.25,1.295,2.4,92.2,1306,968,13,354,64,1766,1.72,23.2,numbeo
2019,San Diego,California,city_large,1386000,4267,3115,51204,3318,39810,4458,7.25,1.286,1.8,91.2,1257,959,13,368,66,1775,1.75,22.5,numbeo
2020,San Diego,California,city_large,1386000,4561,3330,54732,3496,41950,4692,7.25,1.305,1.2,91.6,1324,1011,13,380,68,1843,1.81,22.2,numbeo
2021,San Diego,California,city_large,1386000,5051,3687,60612,3813,45760,4855,7.25,1.325,4.7,91.9,1384,1005,13,384,67,1846,2.0,19.9,numbeo
2022,San Diego,California,city_large,1386000,4989,3642,59868,3859,46310,5158,7.25,1.293,8.0,92.1,1554,1136,15,431,73,2080,1.75,22.8,numbeo
2023,San Diego,California,city_large,1386000,5138,3751,61656,4005,48060,5456,7.25,1.283,4.1,92.3,1591,1174,16,438,77,2155,1.74,22.8,numbeo
2024,San Diego,California,city_large,1386000,5581,4074,66972,4167,50000,5660,7.25,1.339,2.9,93.0,1595,1245,17,432,77,2244,1.82,22.3,numbeo
2010,San Jose,California,city_large,1030000,4697,3429,56364,2820,33840,3622,7.25,1.666,1.6,101.6,1125,798,11,323,54,1499,2.29,17.0,numbeo
2011,San Jose,California,city_large,1030000,4736,3457,56832,2872,34460,3701,7.25,1.649,3.2,100.4,1205,825,11,328,59,1540,2.24,17.4,numbeo
2012,San Jose,California,city_large,1030000,4949,3613,59388,2896,34750,3769,7.25,1.709,2.1,102.2,1186,861,12,323,58,1592,2.27,17.4,numbeo
2013,San Jose,California,city_large,1030000,5042,3681,60504,2923,35080,3870,7.25,1.725,1.5,100.9,1168,868,12,341,61,1622,2.27,17.2,numbeo
2014,San Jose,California,city_large,1030000,5135,3749,61620,2962,35540,3936,7.25,1.734,1.6,102.0,1193,871,12,353,63,1640,2.29,17.0,numbeo
2015,San Jose,California,city_large,1030000,5199,3795,62388,3017,36200,4027,7.25,1.723,0.1,102.6,1219,909,12,338,62,1662,2.28,17.5,numbeo
2016,San Jose,California,city_large,1030000,5381,3928,64572,3087,37040,4136,7.25,1.743,1.3,103.3,1240,961,13,345,59,1740,2.26,17.9,numbeo
2017,San Jose,California,city_large,1030000,5375,3924,64500,3141,37690,4218,7.25,1.711,2.1,102.2,1217,983,13,338,63,1761,2.23,18.3,numbeo
2018,San Jose,California,city_large,1030000,5499,4014,65988,3220,38640,4330,7.25,1.708,2.4,103.2,1242,928,12,372,64,1724,2.33,16.9,numbeo
2019,San Jose,California,city_large,1030000,5776,4216,69312,3318,39810,4458,7.25,1.741,1.8,103.0,1341,941,13,359,65,1747,2.41,16.3,numbeo
2020,San Jose,California,city_large,1030000,5991,4373,71892,3496,41950,4692,7.25,1.714,1.2,104.5,1325,986,13,358,64,1792,2.44,16.5,numbeo
2021,San Jose,California,city_large,1030000,6815,4975,81780,3813,45760,4855,7.25,1.787,4.7,104.3,1421,1001,14,387,71,1869,2.66,14.7,numbeo
2022,San Jose,California,city_large,1030000,6696,4888,80352,3859,46310,5158,7.25,1.735,8.0,104.3,1504,1115,15,424,73,2052,2.38,16.7,numbeo
2023,San Jose,California,city_large,1030000,7294,5325,87528,4005,48060,5456,7.25,1.821,4.1,105.0,1484,1181,16,446,79,2172,2.45,16.2,numbeo
2024,San Jose,California,city_large,1030000,7471,5454,89652,4167,50000,5660,7.25,1.793,2.9,105.7,1610,1174,16,452,82,2178,2.5,15.7,numbeo
2010,San Francisco,California,city_large,874000,4272,3119,51264,2820,33840,3622,7.25,1.515,1.6,103.5,1095,854,11,318,54,1550,2.01,20.0,numbeo
2011,San Francisco,California,city_large,874000,4598,3357,55176,2872,34460,3701,7.25,1.601,3.2,103.8,1199,844,11,316,58,1546,2.17,18.4,numbeo
2012,San Francisco,California,city_large,874000,4614,3368,55368,2896,34750,3769,7.25,1.593,2.1,103.7,1158,856,12,332,61,1599,2.11,18.6,numbeo
2013,San Francisco,California,city_large,874000,4550,3322,54600,2923,35080,3870,7.25,1.557,1.5,104.6,1216,881,12,334,60,1627,2.04,19.4,numbeo
2014,San Francisco,California,city_large,874000,4725,3449,56700,2962,35540,3936,7.25,1.595,1.6,105.3,1266,909,12,344,60,1666,2.07,19.2,numbeo
2015,San Francisco,California,city_large,874000,4743,3462,56916,3017,36200,4027,7.25,1.572,0.1,105.2,1211,879,12,335,59,1626,2.13,18.5,numbeo
2016,San Francisco,California,city_large,874000,4959,3620,59508,3087,37040,4136,7.25,1.606,1.3,105.0,1190,877,13,352,61,1665,2.17,17.7,numbeo
2017,San Francisco,California,city_large,874000,5007,3655,60084,3141,37690,4218,7.25,1.594,2.1,105.6,1291,939,13,339,61,1716,2.13,18.8,numbeo
2018,San Francisco,California,city_large,874000,5489,4007,65868,3220,38640,4330,7.25,1.705,2.4,106.2,1218,988,13,366,62,1796,2.23,18.0,numbeo
2019,San Francisco,California,city_large,874000,5583,4076,66996,3318,39810,4458,7.25,1.683,1.8,107.0,1339,1003,13,381,66,1832,2.22,18.0,numbeo
2020,San Francisco,California,city_large,874000,5776,4216,69312,3496,41950,4692,7.25,1.652,1.2,106.3,1312,958,14,379,68,1809,2.33,16.6,numbeo
2021,San Francisco,California,city_large,874000,6439,4700,77268,3813,45760,4855,7.25,1.689,4.7,107.6,1426,1075,13,374,69,1908,2.46,16.7,numbeo
2022,San Francisco,California,city_large,874000,6728,4911,80736,3859,46310,5158,7.25,1.743,8.0,107.0,1538,1081,14,427,72,2000,2.46,16.1,numbeo
2023,San Francisco,California,city_large,874000,6671,4870,80052,4005,48060,5456,7.25,1.666,4.1,108.4,1530,1153,15,454,75,2128,2.29,17.3,numbeo
2024,San Francisco,California,city_large,874000,7110,5190,85320,4167,50000,5660,7.25,1.706,2.9,108.7,1624,1239,16,435,77,2221,2.34,17.4,numbeo
2010,Sacramento,California,city_large,524000,3188,2327,38256,2820,33840,3622,7.25,1.13,1.6,82.0,1107,819,11,303,55,1501,1.55,25.7,numbeo
2011,Sacramento,California,city_large,524000,3303,2411,39636,2872,34460,3701,7.25,1.15,3.2,83.4,1204,841,12,317,57,1563,1.54,25.5,numbeo
2012,Sacramento,California,city_large,524000,3444,2514,41328,2896,34750,3769,7.25,1.189,2.1,82.6,1170,913,11,330,57,1630,1.54,26.5,numbeo
2013,Sacramento,California,city_large,524000,3290,2402,39480,2923,35080,3870,7.25,1.126,1.5,83.2,1234,877,12,331,58,1618,1.48,26.7,numbeo
2014,Sacramento,California,city_large,524000,3387,2473,40644,2962,35540,3936,7.25,1.143,1.6,84.2,1236,890,12,346,58,1647,1.5,26.3,numbeo
2015,Sacramento,California,city_large,524000,3567,2604,42804,3017,36200,4027,7.25,1.182,0.1,83.9,1185,872,12,350,59,1634,1.59,24.4,numbeo
2016,Sacramento,California,city_large,524000,3577,2611,42924,3087,37040,4136,7.25,1.159,1.3,83.9,1278,911,12,345,62,1673,1.56,25.5,numbeo
2017,Sacramento,California,city_large,524000,3723,2718,44676,3141,37690,4218,7.25,1.185,2.1,84.1,1261,960,12,354,63,1734,1.57,25.8,numbeo
2018,Sacramento,California,city_large,524000,3849,2810,46188,3220,38640,4330,7.25,1.195,2.4,84.0,1227,990,13,350,65,1785,1.57,25.7,numbeo
2019,Sacramento,California,city_large,524000,4013,2929,48156,3318,39810,4458,7.25,1.209,1.8,84.0,1352,981,13,382,64,1809,1.62,24.4,numbeo
2020,Sacramento,California,city_large,524000,4217,3078,50604,3496,41950,4692,7.25,1.206,1.2,84.6,1312,1009,13,379,67,1839,1.67,23.9,numbeo
2021,Sacramento,California,city_large,524000,4589,3350,55068,3813,45760,4855,7.25,1.204,4.7,85.4,1420,1004,14,376,69,1859,1.8,21.9,numbeo
2022,Sacramento,California,city_large,524000,4688,3422,56256,3859,46310,5158,7.25,1.215,8.0,85.7,1495,1132,16,436,75,2103,1.63,24.1,numbeo
2023,Sacramento,California,city_large,524000,4895,3573,58740,4005,48060,5456,7.25,1.222,4.1,85.9,1537,1113,16,430,79,2088,1.71,22.7,numbeo
2024,Sacramento,California,city_large,524000,5043,3681,60516,4167,50000,5660,7.25,1.21,2.9,85.9,1671,1207,15,461,80,2198,1.67,23.9,numbeo
2010,Fresno,California,city_medium,542000,3325,2427,39900,2820,33840,3622,7.25,1.179,1.6,59.4,849,667,10,272,45,1288,1.88,20.1,bls_modeled
2011,Fresno,California,city_medium,542000,3503,2557,42036,2872,34460,3701,7.25,1.22,3.2,61.2,846,672,10,275,47,1302,1.96,19.2,bls_modeled
2012,Fresno,California,city_medium,542000,3589,2620,43068,2896,34750,3769,7.25,1.239,2.1,61.2,854,686,10,297,47,1340,1.96,19.1,bls_modeled
2013,Fresno,California,city_medium,542000,3643,2659,43716,2923,35080,3870,7.25,1.246,1.5,60.4,851,700,11,294,47,1373,1.94,19.2,bls_modeled
2014,Fresno,California,city_medium,542000,3703,2703,44436,2962,35540,3936,7.25,1.25,1.6,61.5,937,697,10,293,49,1352,2.0,18.8,bls_modeled
2015,Fresno,California,city_medium,542000,3704,2704,44448,3017,36200,4027,7.25,1.228,0.1,62.3,920,719,11,306,48,1406,1.92,19.4,bls_modeled
2016,Fresno,California,city_medium,542000,3882,2834,46584,3087,37040,4136,7.25,1.258,1.3,62.8,958,716,11,305,51,1407,2.01,18.4,bls_modeled
2017,Fresno,California,city_medium,542000,3999,2919,47988,3141,37690,4218,7.25,1.273,2.1,61.8,942,766,11,307,52,1462,2.0,19.2,bls_modeled
2018,Fresno,California,city_medium,542000,4138,3021,49656,3220,38640,4330,7.25,1.285,2.4,62.5,936,735,11,320,52,1447,2.09,17.8,bls_modeled
2019,Fresno,California,city_medium,542000,4202,3067,50424,3318,39810,4458,7.25,1.266,1.8,62.8,977,789,11,322,53,1506,2.04,18.8,bls_modeled
2020,Fresno,California,city_medium,542000,4451,3249,53412,3496,41950,4692,7.25,1.273,1.2,63.7,956,750,12,314,52,1480,2.2,16.9,bls_modeled
2021,Fresno,California,city_medium,542000,4796,3501,57552,3813,45760,4855,7.25,1.258,4.7,63.9,1068,846,12,327,58,1601,2.19,17.6,bls_modeled
2022,Fresno,California,city_medium,542000,5145,3756,61740,3859,46310,5158,7.25,1.333,8.0,64.0,1164,855,13,366,62,1683,2.23,16.6,bls_modeled
2023,Fresno,California,city_medium,542000,5455,3982,65460,4005,48060,5456,7.25,1.362,4.1,64.9,1113,893,14,376,61,1756,2.27,16.4,bls_modeled
2024,Fresno,California,city_medium,542000,5448,3977,65376,4167,50000,5660,7.25,1.307,2.9,65.6,1166,918,14,391,66,1805,2.2,16.9,bls_modeled
2010,Oakland,California,city_large,440000,3685,2690,44220,2820,33840,3622,7.25,1.307,1.6,69.5,1102,834,11,307,54,1519,1.77,22.6,bls_modeled
2011,Oakland,California,city_large,440000,3878,2831,46536,2872,34460,3701,7.25,1.35,3.2,70.0,1126,873,11,313,56,1570,1.8,22.5,bls_modeled
2012,Oakland,California,city_large,440000,3897,2845,46764,2896,34750,3769,7.25,1.346,2.1,71.2,1152,871,11,337,60,1598,1.78,22.4,bls_modeled
2013,Oakland,California,city_large,440000,3859,2817,46308,2923,35080,3870,7.25,1.32,1.5,71.8,1241,893,12,342,61,1648,1.71,23.1,bls_modeled
2014,Oakland,California,city_large,440000,3997,2918,47964,2962,35540,3936,7.25,1.349,1.6,72.2,1166,919,12,353,61,1686,1.73,23.0,bls_modeled
2015,Oakland,California,city_large,440000,4006,2924,48072,3017,36200,4027,7.25,1.328,0.1,72.8,1220,944,13,337,62,1716,1.7,23.6,bls_modeled
2016,Oakland,California,city_large,440000,4273,3119,51276,3087,37040,4136,7.25,1.384,1.3,73.0,1206,903,12,357,61,1676,1.86,21.1,bls_modeled
2017,Oakland,California,city_large,440000,4339,3167,52068,3141,37690,4218,7.25,1.381,2.1,72.5,1257,947,12,352,64,1720,1.84,21.8,bls_modeled
2018,Oakland,California,city_large,440000,4624,3376,55488,3220,38640,4330,7.25,1.436,2.4,73.6,1295,919,12,367,64,1710,1.97,19.9,bls_modeled
2019,Oakland,California,city_large,440000,4526,3304,54312,3318,39810,4458,7.25,1.364,1.8,73.4,1341,997,13,370,65,1814,1.82,22.0,bls_modeled
2020,Oakland,California,city_large,440000,5075,3705,60900,3496,41950,4692,7.25,1.452,1.2,74.0,1264,1015,13,371,64,1834,2.02,20.0,bls_modeled
2021,Oakland,California,city_large,440000,5352,3907,64224,3813,45760,4855,7.25,1.404,4.7,75.0,1362,1056,14,381,68,1915,2.04,19.7,bls_modeled
2022,Oakland,California,city_large,440000,5517,4027,66204,3859,46310,5158,7.25,1.43,8.0,75.1,1454,1066,15,436,77,2019,1.99,19.3,bls_modeled
2023,Oakland,California,city_large,440000,5813,4243,69756,4005,48060,5456,7.25,1.451,4.1,75.6,1607,1217,16,447,79,2209,1.92,20.9,bls_modeled
2024,Oakland,California,city_large,440000,5955,4347,71460,4167,50000,5660,7.25,1.429,2.9,76.1,1648,1184,17,465,78,2217,1.96,19.9,bls_modeled
2010,Long Beach,California,city_large,466000,3690,2694,44280,2820,33840,3622,7.25,1.309,1.6,70.8,1094,868,11,306,54,1552,1.74,23.5,bls_modeled
2011,Long Beach,California,city_large,466000,3885,2836,46620,2872,34460,3701,7.25,1.353,3.2,71.3,1179,856,11,328,55,1567,1.81,22.0,bls_modeled
2012,Long Beach,California,city_large,466000,3889,2839,46668,2896,34750,3769,7.25,1.343,2.1,70.7,1120,839,12,340,60,1589,1.79,21.6,bls_modeled
2013,Long Beach,California,city_large,466000,3889,2839,46668,2923,35080,3870,7.25,1.33,1.5,70.9,1210,907,12,323,62,1644,1.73,23.3,bls_modeled
2014,Long Beach,California,city_large,466000,4016,2932,48192,2962,35540,3936,7.25,1.356,1.6,71.3,1168,895,12,334,61,1643,1.78,22.3,bls_modeled
2015,Long Beach,California,city_large,466000,4205,3070,50460,3017,36200,4027,7.25,1.394,0.1,72.8,1202,921,12,341,59,1674,1.83,21.9,bls_modeled
2016,Long Beach,California,city_large,466000,4349,3175,52188,3087,37040,4136,7.25,1.409,1.3,71.9,1269,895,13,339,62,1671,1.9,20.6,bls_modeled
2017,Long Beach,California,city_large,466000,4491,3278,53892,3141,37690,4218,7.25,1.43,2.1,73.3,1293,956,12,341,62,1716,1.91,21.3,bls_modeled
2018,Long Beach,California,city_large,466000,4571,3337,54852,3220,38640,4330,7.25,1.42,2.4,73.4,1228,920,12,365,66,1711,1.95,20.1,bls_modeled
2019,Long Beach,California,city_large,466000,4766,3479,57192,3318,39810,4458,7.25,1.436,1.8,73.8,1310,971,13,365,64,1782,1.95,20.4,bls_modeled
2020,Long Beach,California,city_large,466000,4789,3496,57468,3496,41950,4692,7.25,1.37,1.2,74.9,1347,1014,13,383,67,1848,1.89,21.2,bls_modeled
2021,Long Beach,California,city_large,466000,5560,4059,66720,3813,45760,4855,7.25,1.458,4.7,74.6,1418,999,13,396,69,1854,2.19,18.0,bls_modeled
2022,Long Beach,California,city_large,466000,5360,3913,64320,3859,46310,5158,7.25,1.389,8.0,74.9,1539,1128,15,423,78,2069,1.89,21.0,bls_modeled
2023,Long Beach,California,city_large,466000,5856,4275,70272,4005,48060,5456,7.25,1.462,4.1,75.3,1546,1201,15,448,77,2172,1.97,20.5,bls_modeled
2024,Long Beach,California,city_large,466000,5891,4300,70692,4167,50000,5660,7.25,1.414,2.9,76.1,1588,1220,16,435,81,2206,1.95,20.7,bls_modeled
2010,Seattle,Washington,city_large,737000,4113,3002,49356,2820,33840,3622,7.25,1.459,1.6,87.5,1136,842,11,310,55,1531,1.96,20.5,numbeo
2011,Seattle,Washington,city_large,737000,4061,2965,48732,2872,34460,3701,7.25,1.414,3.2,88.1,1163,855,11,316,59,1558,1.9,21.1,numbeo
2012,Seattle,Washington,city_large,737000,4187,3057,50244,2896,34750,3769,7.25,1.446,2.1,88.5,1215,920,12,319,59,1648,1.85,22.0,numbeo
2013,Seattle,Washington,city_large,737000,4301,3140,51612,2923,35080,3870,7.25,1.471,1.5,89.1,1192,911,12,333,61,1657,1.89,21.2,numbeo
2014,Seattle,Washington,city_large,737000,4495,3281,53940,2962,35540,3936,7.25,1.518,1.6,89.5,1244,939,12,331,58,1681,1.95,20.9,numbeo
2015,Seattle,Washington,city_large,737000,4496,3282,53952,3017,36200,4027,7.25,1.49,0.1,89.0,1251,934,13,348,61,1716,1.91,20.8,numbeo
2016,Seattle,Washington,city_large,737000,4835,3530,58020,3087,37040,4136,7.25,1.566,1.3,90.5,1192,883,12,351,59,1648,2.14,18.3,numbeo
2017,Seattle,Washington,city_large,737000,4727,3451,56724,3141,37690,4218,7.25,1.505,2.1,89.6,1234,925,13,363,64,1729,2.0,19.6,numbeo
2018,Seattle,Washington,city_large,737000,5130,3745,61560,3220,38640,4330,7.25,1.593,2.4,90.8,1339,929,13,366,65,1740,2.15,18.1,numbeo
2019,Seattle,Washington,city_large,737000,5429,3963,65148,3318,39810,4458,7.25,1.636,1.8,91.5,1358,942,13,373,65,1762,2.25,17.4,numbeo
2020,Seattle,Washington,city_large,737000,5688,4152,68256,3496,41950,4692,7.25,1.627,1.2,90.2,1372,1019,14,362,66,1851,2.24,17.9,numbeo
2021,Seattle,Washington,city_large,737000,6114,4463,73368,3813,45760,4855,7.25,1.603,4.7,91.8,1355,1078,14,390,68,1946,2.29,17.6,numbeo
2022,Seattle,Washington,city_large,737000,6296,4596,75552,3859,46310,5158,7.25,1.632,8.0,91.8,1466,1168,15,421,72,2101,2.19,18.6,numbeo
2023,Seattle,Washington,city_large,737000,6597,4816,79164,4005,48060,5456,7.25,1.647,4.1,92.0,1542,1164,16,442,76,2148,2.24,17.6,numbeo
2024,Seattle,Washington,city_large,737000,7117,5195,85404,4167,50000,5660,7.25,1.708,2.9,92.1,1624,1244,15,432,77,2203,2.36,17.5,numbeo
2010,Spokane,Washington,city_medium,228000,3327,2429,39924,2820,33840,3622,7.25,1.18,1.6,58.7,873,672,9,273,44,1273,1.91,20.2,bls_modeled
2011,Spokane,Washington,city_medium,228000,3522,2571,42264,2872,34460,3701,7.25,1.226,3.2,60.6,898,679,11,287,46,1340,1.92,19.3,bls_modeled
2012,Spokane,Washington,city_medium,228000,3414,2492,40968,2896,34750,3769,7.25,1.179,2.1,60.5,836,722,10,290,49,1371,1.82,21.1,bls_modeled
2013,Spokane,Washington,city_medium,228000,3480,2540,41760,2923,35080,3870,7.25,1.191,1.5,60.2,858,732,10,299,50,1393,1.82,21.0,bls_modeled
2014,Spokane,Washington,city_medium,228000,3685,2690,44220,2962,35540,3936,7.25,1.244,1.6,61.2,883,740,11,292,49,1414,1.9,20.1,bls_modeled
2015,Spokane,Washington,city_medium,228000,3755,2741,45060,3017,36200,4027,7.25,1.245,0.1,61.2,942,748,10,286,48,1395,1.96,19.9,bls_modeled
2016,Spokane,Washington,city_medium,228000,4000,2920,48000,3087,37040,4136,7.25,1.296,1.3,61.5,885,746,11,308,49,1438,2.03,18.6,bls_modeled
2017,Spokane,Washington,city_medium,228000,4106,2997,49272,3141,37690,4218,7.25,1.307,2.1,63.4,895,748,11,315,52,1452,2.06,18.2,bls_modeled
2018,Spokane,Washington,city_medium,228000,4163,3039,49956,3220,38640,4330,7.25,1.293,2.4,63.0,938,734,11,309,54,1437,2.11,17.6,bls_modeled
2019,Spokane,Washington,city_medium,228000,4216,3078,50592,3318,39810,4458,7.25,1.271,1.8,63.6,988,745,11,324,53,1464,2.1,17.7,bls_modeled
2020,Spokane,Washington,city_medium,228000,4726,3450,56712,3496,41950,4692,7.25,1.352,1.2,63.8,1004,785,11,320,54,1503,2.3,16.6,bls_modeled
2021,Spokane,Washington,city_medium,228000,5018,3663,60216,3813,45760,4855,7.25,1.316,4.7,63.8,1080,787,12,327,54,1538,2.38,15.7,bls_modeled
2022,Spokane,Washington,city_medium,228000,5154,3762,61848,3859,46310,5158,7.25,1.336,8.0,65.5,1075,874,13,367,60,1701,2.21,17.0,bls_modeled
2023,Spokane,Washington,city_medium,228000,5273,3849,63276,4005,48060,5456,7.25,1.317,4.1,65.9,1157,899,14,383,64,1772,2.17,17.0,bls_modeled
2024,Spokane,Washington,city_medium,228000,5620,4103,67440,4167,50000,5660,7.25,1.349,2.9,65.3,1154,980,14,377,63,1850,2.22,17.4,bls_modeled
2010,Portland,Oregon,city_large,652000,3338,2437,40056,2820,33840,3622,7.25,1.184,1.6,80.2,1156,816,11,307,56,1503,1.62,24.4,numbeo
2011,Portland,Oregon,city_large,652000,3253,2375,39036,2872,34460,3701,7.25,1.133,3.2,80.9,1188,847,11,314,60,1549,1.53,26.0,numbeo
2012,Portland,Oregon,city_large,652000,3421,2497,41052,2896,34750,3769,7.25,1.181,2.1,81.4,1182,872,12,320,57,1599,1.56,25.5,numbeo
2013,Portland,Oregon,city_large,652000,3394,2478,40728,2923,35080,3870,7.25,1.161,1.5,81.9,1162,910,12,327,60,1649,1.5,26.8,numbeo
2014,Portland,Oregon,city_large,652000,3614,2638,43368,2962,35540,3936,7.25,1.22,1.6,80.9,1183,950,12,339,62,1704,1.55,26.3,numbeo
2015,Portland,Oregon,city_large,652000,3740,2730,44880,3017,36200,4027,7.25,1.24,0.1,82.5,1181,896,12,353,60,1662,1.64,24.0,numbeo
2016,Portland,Oregon,city_large,652000,3835,2800,46020,3087,37040,4136,7.25,1.242,1.3,82.3,1216,886,13,333,62,1656,1.69,23.1,numbeo
2017,Portland,Oregon,city_large,652000,3934,2872,47208,3141,37690,4218,7.25,1.252,2.1,82.0,1290,946,13,348,61,1732,1.66,24.0,numbeo
2018,Portland,Oregon,city_large,652000,3888,2838,46656,3220,38640,4330,7.25,1.207,2.4,82.2,1295,965,13,350,63,1758,1.61,24.8,numbeo
2019,Portland,Oregon,city_large,652000,4310,3146,51720,3318,39810,4458,7.25,1.299,1.8,83.4,1370,945,14,354,64,1765,1.78,21.9,numbeo
2020,Portland,Oregon,city_large,652000,4459,3255,53508,3496,41950,4692,7.25,1.275,1.2,82.5,1385,1030,13,359,64,1837,1.77,23.1,numbeo
2021,Portland,Oregon,city_large,652000,5056,3691,60672,3813,45760,4855,7.25,1.326,4.7,83.3,1315,1036,14,383,66,1895,1.95,20.5,numbeo
2022,Portland,Oregon,city_large,652000,5075,3705,60900,3859,46310,5158,7.25,1.315,8.0,84.2,1422,1120,15,429,72,2061,1.8,22.1,numbeo
2023,Portland,Oregon,city_large,652000,5092,3717,61104,4005,48060,5456,7.25,1.271,4.1,84.1,1505,1212,15,447,77,2182,1.7,23.8,numbeo
2024,Portland,Oregon,city_large,652000,5547,4049,66564,4167,50000,5660,7.25,1.331,2.9,83.6,1581,1223,16,465,77,2235,1.81,22.0,numbeo
2010,Eugene,Oregon,city_medium,177000,2973,2170,35676,2820,33840,3622,7.25,1.054,1.6,58.0,873,666,10,262,46,1278,1.7,22.4,bls_modeled
2011,Eugene,Oregon,city_medium,177000,3177,2319,38124,2872,34460,3701,7.25,1.106,3.2,58.5,836,652,10,289,45,1294,1.79,20.5,bls_modeled
2012,Eugene,Oregon,city_medium,177000,3274,2390,39288,2896,34750,3769,7.25,1.131,2.1,58.1,909,709,10,290,46,1355,1.76,21.7,bls_modeled
2013,Eugene,Oregon,city_medium,177000,3144,2295,37728,2923,35080,3870,7.25,1.076,1.5,59.3,907,690,11,298,47,1367,1.68,21.9,bls_modeled
2014,Eugene,Oregon,city_medium,177000,3353,2448,40236,2962,35540,3936,7.25,1.132,1.6,59.6,897,713,11,299,49,1394,1.76,21.3,bls_modeled
2015,Eugene,Oregon,city_medium,177000,3501,2556,42012,3017,36200,4027,7.25,1.16,0.1,58.9,877,709,10,290,50,1362,1.88,20.3,bls_modeled
2016,Eugene,Oregon,city_medium,177000,3551,2592,42612,3087,37040,4136,7.25,1.15,1.3,59.2,937,756,11,309,48,1448,1.79,21.3,bls_modeled
2017,Eugene,Oregon,city_medium,177000,3549,2591,42588,3141,37690,4218,7.25,1.13,2.1,61.0,915,777,10,293,51,1438,1.8,21.9,bls_modeled
2018,Eugene,Oregon,city_medium,177000,3606,2632,43272,3220,38640,4330,7.25,1.12,2.4,60.5,990,770,11,302,53,1465,1.8,21.4,bls_modeled
2019,Eugene,Oregon,city_medium,177000,3886,2837,46632,3318,39810,4458,7.25,1.171,1.8,61.6,966,754,11,321,51,1468,1.93,19.4,bls_modeled
2020,Eugene,Oregon,city_medium,177000,4159,3036,49908,3496,41950,4692,7.25,1.19,1.2,61.0,954,797,12,329,52,1542,1.97,19.2,bls_modeled
2021,Eugene,Oregon,city_medium,177000,4607,3363,55284,3813,45760,4855,7.25,1.208,4.7,61.7,1052,838,12,337,54,1599,2.1,18.2,bls_modeled
2022,Eugene,Oregon,city_medium,177000,4660,3402,55920,3859,46310,5158,7.25,1.208,8.0,62.2,1088,869,13,364,61,1694,2.01,18.6,bls_modeled
2023,Eugene,Oregon,city_medium,177000,4692,3425,56304,4005,48060,5456,7.25,1.172,4.1,63.1,1121,938,14,378,64,1806,1.9,20.0,bls_modeled
2024,Eugene,Oregon,city_medium,177000,4999,3649,59988,4167,50000,5660,7.25,1.2,2.9,62.3,1162,974,14,381,67,1852,1.97,19.5,bls_modeled
2010,Honolulu,Hawaii,city_large,350000,3366,2457,40392,2820,33840,3622,7.25,1.194,1.6,94.3,1074,851,11,325,57,1557,1.58,25.3,numbeo
2011,Honolulu,Hawaii,city_large,350000,3510,2562,42120,2872,34460,3701,7.25,1.222,3.2,94.9,1105,873,11,327,57,1585,1.62,24.9,numbeo
2012,Honolulu,Hawaii,city_large,350000,3521,2570,42252,2896,34750,3769,7.25,1.216,2.1,95.7,1223,870,12,334,60,1614,1.59,24.7,numbeo
2013,Honolulu,Hawaii,city_large,350000,3569,2605,42828,2923,35080,3870,7.25,1.221,1.5,96.2,1237,897,12,327,58,1634,1.59,25.1,numbeo
2014,Honolulu,Hawaii,city_large,350000,3645,2661,43740,2962,35540,3936,7.25,1.231,1.6,95.9,1177,882,12,327,61,1623,1.64,24.2,numbeo
2015,Honolulu,Hawaii,city_large,350000,3668,2678,44016,3017,36200,4027,7.25,1.216,0.1,95.7,1202,943,13,332,60,1708,1.57,25.7,numbeo
2016,Honolulu,Hawaii,city_large,350000,3765,2748,45180,3087,37040,4136,7.25,1.22,1.3,96.9,1253,895,12,355,61,1666,1.65,23.8,numbeo
2017,Honolulu,Hawaii,city_large,350000,3763,2747,45156,3141,37690,4218,7.25,1.198,2.1,96.7,1194,917,13,360,64,1718,1.6,24.4,numbeo
2018,Honolulu,Hawaii,city_large,350000,3909,2854,46908,3220,38640,4330,7.25,1.214,2.4,97.9,1233,930,12,373,62,1725,1.65,23.8,numbeo
2019,Honolulu,Hawaii,city_large,350000,4106,2997,49272,3318,39810,4458,7.25,1.237,1.8,97.9,1247,1007,13,370,65,1824,1.64,24.5,numbeo
2020,Honolulu,Hawaii,city_large,350000,4048,2955,48576,3496,41950,4692,7.25,1.158,1.2,97.7,1363,944,13,376,68,1772,1.67,23.3,numbeo
2021,Honolulu,Hawaii,city_large,350000,4571,3337,54852,3813,45760,4855,7.25,1.199,4.7,98.3,1388,996,14,382,70,1858,1.8,21.8,numbeo
2022,Honolulu,Hawaii,city_large,350000,4763,3477,57156,3859,46310,5158,7.25,1.234,8.0,99.2,1501,1137,15,437,72,2086,1.67,23.9,numbeo
2023,Honolulu,Hawaii,city_large,350000,4905,3581,58860,4005,48060,5456,7.25,1.225,4.1,98.5,1530,1116,16,441,77,2100,1.71,22.8,numbeo
2024,Honolulu,Hawaii,city_large,350000,4999,3649,59988,4167,50000,5660,7.25,1.2,2.9,98.4,1584,1197,17,446,78,2211,1.65,23.9,numbeo
2010,Anchorage,Alaska,city_large,292000,3480,2540,41760,2820,33840,3622,7.25,1.234,1.6,88.9,1139,797,11,316,55,1492,1.7,22.9,numbeo
2011,Anchorage,Alaska,city_large,292000,3419,2496,41028,2872,34460,3701,7.25,1.19,3.2,88.2,1182,831,12,325,56,1560,1.6,24.3,numbeo
2012,Anchorage,Alaska,city_large,292000,3412,2491,40944,2896,34750,3769,7.25,1.178,2.1,88.4,1115,850,12,336,57,1593,1.56,24.9,numbeo
2013,Anchorage,Alaska,city_large,292000,3410,2489,40920,2923,35080,3870,7.25,1.167,1.5,88.6,1201,890,11,343,59,1624,1.53,26.1,numbeo
2014,Anchorage,Alaska,city_large,292000,3461,2527,41532,2962,35540,3936,7.25,1.168,1.6,89.4,1165,929,12,348,62,1692,1.49,26.8,numbeo
2015,Anchorage,Alaska,city_large,292000,3543,2586,42516,3017,36200,4027,7.25,1.174,0.1,89.3,1163,944,12,343,60,1700,1.52,26.6,numbeo
2016,Anchorage,Alaska,city_large,292000,3679,2686,44148,3087,37040,4136,7.25,1.192,1.3,90.4,1267,963,12,340,61,1719,1.56,26.2,numbeo
2017,Anchorage,Alaska,city_large,292000,3668,2678,44016,3141,37690,4218,7.25,1.168,2.1,89.6,1263,972,12,355,65,1749,1.53,26.5,numbeo
2018,Anchorage,Alaska,city_large,292000,3865,2821,46380,3220,38640,4330,7.25,1.2,2.4,90.7,1219,916,12,352,66,1694,1.67,23.7,numbeo
2019,Anchorage,Alaska,city_large,292000,3985,2909,47820,3318,39810,4458,7.25,1.201,1.8,91.1,1249,986,13,353,63,1784,1.63,24.7,numbeo
2020,Anchorage,Alaska,city_large,292000,4217,3078,50604,3496,41950,4692,7.25,1.206,1.2,90.6,1323,997,14,377,69,1847,1.67,23.6,numbeo
2021,Anchorage,Alaska,city_large,292000,4572,3338,54864,3813,45760,4855,7.25,1.199,4.7,91.3,1425,989,14,376,67,1842,1.81,21.6,numbeo
2022,Anchorage,Alaska,city_large,292000,4413,3221,52956,3859,46310,5158,7.25,1.144,8.0,91.2,1517,1153,14,419,77,2069,1.56,26.1,numbeo
2023,Anchorage,Alaska,city_large,292000,4532,3308,54384,4005,48060,5456,7.25,1.132,4.1,92.2,1584,1141,16,433,81,2121,1.56,25.2,numbeo
2024,Anchorage,Alaska,city_large,292000,4646,3392,55752,4167,50000,5660,7.25,1.115,2.9,92.4,1547,1155,16,465,83,2173,1.56,24.9,numbeo
